feature,mean_abs_shap,n,style
RR,3.5639612674713135,1069,no_trail
SL,10.35185432434082,1069,no_trail
TP,6.011789798736572,1069,no_trail
atrProxy,44.85210418701172,1069,no_trail
auctAcceptance,17.168893814086914,1069,no_trail
auctBalance,13.060538291931152,1069,no_trail
auctContinuation,3.938908576965332,1069,no_trail
auctDistHVN,27.113380432128906,1069,no_trail
auctDistLVN,4.0695881843566895,1069,no_trail
auctExhaustion,4.483381748199463,1069,no_trail
auctExpMoveATR,27.925025939941406,1069,no_trail
auctExpReward,5.652691841125488,1069,no_trail
auctFailure,0.0,1069,no_trail
auctHVNStrength,36.75949478149414,1069,no_trail
auctLVNStrength,5.0115485191345215,1069,no_trail
auctMajorHVN,14.073188781738281,1069,no_trail
auctMajorLVN,4.9373931884765625,1069,no_trail
auctProfileShape,0.5194452404975891,1069,no_trail
auctRegime,0.0,1069,no_trail
auctRegimeConf,6.785904884338379,1069,no_trail
auctReversalRisk,1.4903016090393066,1069,no_trail
auctShapeConf,5.873764991760254,1069,no_trail
auctState,0.3007880747318268,1069,no_trail
auctTargetConf,7.991722583770752,1069,no_trail
auctTargetPrice,9.756470680236816,1069,no_trail
auctTargetProb,2.254685163497925,1069,no_trail
auctTargetType,0.0,1069,no_trail
auctTradeGrade,3.000730514526367,1069,no_trail
auctTradeQuality,3.6988625526428223,1069,no_trail
auctVAExpRate,0.0,1069,no_trail
auctVAState,0.0,1069,no_trail
avgSpread,4.2747626304626465,1069,no_trail
bosBullish,0.0,1069,no_trail
bosConfirmed,0.0,1069,no_trail
bosLevel,0.0,1069,no_trail
bosQuality,3.206355094909668,1069,no_trail
bosScore,0.0,1069,no_trail
chochBullish,0.0,1069,no_trail
chochConfirmed,0.0,1069,no_trail
chochLevel,0.0,1069,no_trail
chochQuality,0.0,1069,no_trail
chochScore,1.669690728187561,1069,no_trail
dataQuality,0.0,1069,no_trail
entryArchetype,0.0,1069,no_trail
entryAuctBalance,4.644538402557373,1069,no_trail
entryAuctContinuation,0.4600449204444885,1069,no_trail
entryAuctExhaustion,1.003402829170227,1069,no_trail
entryAuctExpReward,2.0728771686553955,1069,no_trail
entryAuctFailure,0.0,1069,no_trail
entryAuctRegime,0.0,1069,no_trail
entryAuctRegimeConf,0.7521256804466248,1069,no_trail
entryAuctReversalRisk,1.1562989950180054,1069,no_trail
entryAuctTargetConf,4.637394905090332,1069,no_trail
entryAuctTargetPrice,1.668002724647522,1069,no_trail
entryAuctTradeGrade,0.0,1069,no_trail
entryAuctTradeQuality,1.688549280166626,1069,no_trail
entryAuctVAExpRate,0.0,1069,no_trail
entryLTNearestZoneStrength,0.0,1069,no_trail
entryLTPOCMigration,1.5016021728515625,1069,no_trail
entryLTValid,0.0,1069,no_trail
entryPrice,8.61181640625,1069,no_trail
entryProfilerSamples,6.3081865310668945,1069,no_trail
entryVpBestHVN,43.24605178833008,1069,no_trail
entryVpBreakoutPOC,0.0,1069,no_trail
entryVpCompPosition,0.0,1069,no_trail
entryVpDevPOCDir,8.497114181518555,1069,no_trail
entryVpDistHVN,21.090208053588867,1069,no_trail
entryVpDistLVN,16.856306076049805,1069,no_trail
entryVpInsideVA,0.0,1069,no_trail
entryVpMigrationConf,22.837385177612305,1069,no_trail
entryVpOverlapBias,0.0,1069,no_trail
entryVpPOC,7.613487720489502,1069,no_trail
entryVpProfileShape,0.0,1069,no_trail
entryVpSpring,0.0,1069,no_trail
entryVpThinnessRatio,0.0,1069,no_trail
entryVpUpthrust,0.0,1069,no_trail
entryVpVAH,7.258842468261719,1069,no_trail
entryVpVAL,4.583212375640869,1069,no_trail
liqContext,0.8579779267311096,1069,no_trail
liqDensity,7.756766319274902,1069,no_trail
liqEqualHL,6.537771701812744,1069,no_trail
liqPremDisc,7.586628437042236,1069,no_trail
liqSessionLiq,18.191486358642578,1069,no_trail
liqStopCluster,10.654504776000977,1069,no_trail
liqSweep,4.872988224029541,1069,no_trail
msCompression,16.94441795349121,1069,no_trail
msContext,11.630699157714844,1069,no_trail
msLiqVacuum,0.0,1069,no_trail
msSpreadScore,1.3250348567962646,1069,no_trail
msTickImbalance,10.415031433105469,1069,no_trail
msTickVelocity,0.9714957475662231,1069,no_trail
ofAbsorption,17.242727279663086,1069,no_trail
ofBearDiv,0.0,1069,no_trail
ofBullDiv,0.0,1069,no_trail
ofContext,13.24380111694336,1069,no_trail
ofCvdProxy,0.0,1069,no_trail
ofDeltaProxy,7.769768714904785,1069,no_trail
ofDivergence,0.0,1069,no_trail
ofExhaustion,0.0,1069,no_trail
ofFlowIntensity,5.709151744842529,1069,no_trail
ofParticipation,32.59172439575195,1069,no_trail
profilerArchetype,0.0,1069,no_trail
profilerBalMean,12.696256637573242,1069,no_trail
profilerMigMean,19.922128677368164,1069,no_trail
profilerSamples,3.7027437686920166,1069,no_trail
profilerTQMean,11.90954303741455,1069,no_trail
riskReward,0.8329126238822937,1069,no_trail
session,12.068171501159668,1069,no_trail
smBreakerBlock,0.0,1069,no_trail
smContext,8.871552467346191,1069,no_trail
smFVG,13.243261337280273,1069,no_trail
smMitigation,1.5123435258865356,1069,no_trail
smOrderBlock,0.0,1069,no_trail
smRejectionBlock,0.0,1069,no_trail
smZoneQuality,11.317351341247559,1069,no_trail
spreadPoints,6.573328018188477,1069,no_trail
spreadToATR,14.139081001281738,1069,no_trail
structAlign,0.0,1069,no_trail
structDistATR,11.106734275817871,1069,no_trail
structureBias,6.334959506988525,1069,no_trail
thesis,3.003563165664673,1069,no_trail
trendDirection,0.0,1069,no_trail
vpBestHVN,2.103865623474121,1069,no_trail
vpBestHVNScore,6.131392478942871,1069,no_trail
vpBreakoutPOC,0.0,1069,no_trail
vpCompInsideVA,0.0,1069,no_trail
vpCompPOC,9.30583667755127,1069,no_trail
vpCompPosition,0.0,1069,no_trail
vpCompVAH,9.708106994628906,1069,no_trail
vpCompVAL,1.6391340494155884,1069,no_trail
vpDailyPOC,20.765518188476562,1069,no_trail
vpDevPOCDir,0.0,1069,no_trail
vpDevPOCSlope,10.25178050994873,1069,no_trail
vpDistCompPOC,0.0,1069,no_trail
vpDistNakedPOC_ATR,13.483641624450684,1069,no_trail
vpDistToHVN,5.726215839385986,1069,no_trail
vpDistToLVN,2.3187637329101562,1069,no_trail
vpInsideVA,0.0,1069,no_trail
vpLTAcceptanceAtPrice,24.428207397460938,1069,no_trail
vpLTBalanceStability,11.228617668151855,1069,no_trail
vpLTMajorHVNPrice,2.9584693908691406,1069,no_trail
vpLTMajorHVNStrength,21.4025821685791,1069,no_trail
vpLTMajorLVNPrice,8.361794471740723,1069,no_trail
vpLTMajorLVNStrength,4.255500316619873,1069,no_trail
vpLTNearestZoneDir,0.0,1069,no_trail
vpLTNearestZonePrice,0.0,1069,no_trail
vpLTNearestZoneStrength,0.0,1069,no_trail
vpLTPOC10d,13.303831100463867,1069,no_trail
vpLTPOC30d,4.498774528503418,1069,no_trail
vpLTPOC60d,11.314313888549805,1069,no_trail
vpLTPOCAcceleration,21.59764862060547,1069,no_trail
vpLTPOCMigration,0.0,1069,no_trail
vpLTPOCVelocity,21.543546676635742,1069,no_trail
vpLTTransitionScore,16.801969528198242,1069,no_trail
vpLTTrendDuration,0.0,1069,no_trail
vpLTTrendExhaustion,1.7265594005584717,1069,no_trail
vpLTValid,0.0,1069,no_trail
vpMigrationConf,3.412384271621704,1069,no_trail
vpMigrationScore,3.012094020843506,1069,no_trail
vpNearestNakedPOC,3.152683973312378,1069,no_trail
vpPOC,4.284199237823486,1069,no_trail
vpPriceVsPOC,14.233659744262695,1069,no_trail
vpProfileShape,0.0,1069,no_trail
vpPullbackPOC,15.788496017456055,1069,no_trail
vpRangePOC,0.0,1069,no_trail
vpSpring,0.0,1069,no_trail
vpThinnessRatio,0.0,1069,no_trail
vpUpthrust,0.0,1069,no_trail
vpVAH,0.6743495464324951,1069,no_trail
vpVAL,0.8661695718765259,1069,no_trail
vpVAOverlapBias,0.0,1069,no_trail
vpVAOverlapRatio,21.782695770263672,1069,no_trail
