feature,shap_no_trail,shap_conservative,shap_expansion,cv_across_styles,consistent_entry_feature
auctTradeGrade,0.0,0.0,0.0,0.0,True
auctVAState,0.0,0.0,0.0,0.0,True
auctRegime,0.0,0.0,0.0,0.0,True
chochConfirmed,0.0,0.0,0.0,0.0,True
entryAuctRegime,0.0,0.0,0.0,0.0,True
entryAuctTradeGrade,0.0,0.0,0.0,0.0,True
entryVpBreakoutPOC,0.0,0.0,0.0,0.0,True
entryLTValid,0.0,0.0,0.0,0.0,True
chochQuality,0.0,0.0,0.0,0.0,True
dataQuality,0.0,0.0,0.0,0.0,True
entryArchetype,0.0,0.0,0.0,0.0,True
bosBullish,0.0,0.0,0.0,0.0,True
bosScore,0.0,0.0,0.0,0.0,True
bosLevel,0.0,0.0,0.0,0.0,True
bosConfirmed,0.0,0.0,0.0,0.0,True
smOrderBlock,0.0,0.0,0.0,0.0,True
ofDivergence,0.0,0.0,0.0,0.0,True
ofExhaustion,0.0,0.0,0.0,0.0,True
profilerArchetype,0.0,0.0,0.0,0.0,True
smBreakerBlock,0.0,0.0,0.0,0.0,True
vpCompPosition,0.0,0.0,0.0,0.0,True
structAlign,0.0,0.0,0.0,0.0,True
ofBearDiv,0.0,0.0,0.0,0.0,True
ofBullDiv,0.0,0.0,0.0,0.0,True
msLiqVacuum,0.0,0.0,0.0,0.0,True
liqSweep,0.0,0.0,0.0,0.0,True
ofCvdProxy,0.0,0.0,0.0,0.0,True
entryVpUpthrust,0.0,0.0,0.0,0.0,True
entryVpProfileShape,0.0,0.0,0.0,0.0,True
entryVpSpring,0.0,0.0,0.0,0.0,True
entryVpInsideVA,0.0,0.0,0.0,0.0,True
entryVpCompPosition,0.0,0.0,0.0,0.0,True
smRejectionBlock,0.0,0.0,0.0,0.0,True
vpBreakoutPOC,0.0,0.0,0.0,0.0,True
vpSpring,0.0,0.0,0.0,0.0,True
vpRangePOC,0.0,0.0,0.0,0.0,True
vpLTValid,0.0,0.0,0.0,0.0,True
vpNearestNakedPOC,0.0,0.0,0.0,0.0,True
vpInsideVA,0.0,0.0,0.0,0.0,True
vpDevPOCDir,0.0,0.0,0.0,0.0,True
vpProfileShape,0.0,0.0,0.0,0.0,True
vpUpthrust,0.0,0.0,0.0,0.0,True
spreadPoints,0.493905,0.464686,0.457477,0.0334,True
auctTargetConf,0.237862,0.191496,0.229891,0.0921,True
auctTargetProb,0.556088,0.53244,0.697379,0.1223,True
auctAcceptance,0.874326,0.802974,0.51663,0.2114,True
entryVpDistLVN,0.392832,0.696207,0.551646,0.2265,True
entryVpVAL,0.461537,0.86818,0.856319,0.2593,True
ofDeltaProxy,0.354196,0.232375,0.483667,0.2876,True
avgSpread,1.100053,0.820381,0.502887,0.302,False
vpBestHVNScore,1.349319,0.959022,0.548636,0.3433,False
vpDistToLVN,0.242831,0.361472,0.148901,0.3464,False
msCompression,2.809607,1.087355,2.512523,0.3518,False
vpThinnessRatio,0.122991,0.046685,0.097076,0.3563,False
liqDensity,0.378296,0.566995,0.218301,0.3674,False
ofFlowIntensity,0.65977,1.105664,1.794786,0.3934,False
vpVAOverlapRatio,1.138983,0.359381,0.995809,0.4076,False
auctDistLVN,0.614613,0.664164,0.207628,0.4128,False
vpLTMajorLVNPrice,1.819888,0.571096,1.733944,0.4142,False
entryProfilerSamples,0.374311,0.136978,0.197004,0.4268,False
TP,0.086976,0.021386,0.077608,0.4673,False
entryVpPOC,0.39121,0.090467,0.306644,0.4819,False
smFVG,0.311179,0.60031,1.112119,0.491,False
profilerSamples,0.235482,0.205356,0.050874,0.4934,False
vpCompVAH,0.108452,0.442159,0.259196,0.5055,False
auctShapeConf,0.671113,0.219285,0.283812,0.5098,False
entryLTNearestZoneStrength,1.720555,0.332943,1.347603,0.5172,False
auctLVNStrength,0.58505,1.802077,0.736985,0.52,False
vpVAL,0.177665,0.040245,0.216485,0.5222,False
spreadToATR,2.174551,0.701916,0.88365,0.5231,False
vpBestHVN,1.899893,0.346,1.583358,0.5253,False
vpDailyPOC,2.455785,2.216033,0.438101,0.5284,False
auctContinuation,0.616981,0.483149,0.100702,0.5465,False
vpLTPOCVelocity,0.51209,2.792474,1.67964,0.5604,False
msTickImbalance,3.026464,0.604469,1.649615,0.5635,False
vpMigrationConf,0.079224,0.044908,0.185338,0.5795,False
auctExhaustion,1.120217,0.441815,0.295565,0.5802,False
vpCompVAL,0.548218,0.095864,0.297701,0.5894,False
vpPullbackPOC,0.357975,0.039751,0.262019,0.6061,False
vpLTMajorLVNStrength,1.228234,0.130475,0.889082,0.6125,False
session,1.803052,0.798856,0.355617,0.6142,False
msTickVelocity,0.48827,0.115456,0.175252,0.6296,False
msContext,3.326715,0.794486,1.116735,0.6446,False
entryVpMigrationConf,1.914064,0.11966,1.486638,0.6522,False
smMitigation,1.425207,0.130391,1.952254,0.6546,False
vpLTMajorHVNPrice,2.884863,0.721501,0.825569,0.6743,False
entryVpDistHVN,0.956786,0.603992,0.053523,0.6907,False
liqPremDisc,0.085206,0.172554,0.487572,0.6956,False
vpLTPOC60d,3.416758,0.930745,0.813781,0.6978,False
auctExpReward,1.548111,1.069617,0.043359,0.7077,False
entryVpDevPOCDir,0.245906,0.493817,0.032104,0.7333,False
vpDevPOCSlope,3.863288,0.238741,1.850071,0.7473,False
vpPriceVsPOC,0.222338,0.0,0.339638,0.7519,False
chochLevel,0.166419,0.263054,0.0,0.7589,False
auctProfileShape,0.0,0.044406,0.070838,0.7609,False
chochScore,0.228488,0.0,0.139319,0.7669,False
ofParticipation,2.6938,0.995026,0.241016,0.7831,False
auctRegimeConf,0.446838,0.246272,0.0,0.791,False
auctReversalRisk,1.42309,0.329544,0.255091,0.7978,False
profilerMigMean,3.440541,0.47708,0.933297,0.8057,False
structDistATR,2.746115,0.476474,0.615341,0.812,False
auctFailure,0.130548,0.10056,0.59141,0.8194,False
liqSessionLiq,0.588414,0.158683,1.839895,0.827,False
auctTradeQuality,1.068794,0.12515,0.29412,0.8283,False
vpLTAcceptanceAtPrice,1.404698,0.338368,0.194692,0.8356,False
SL,0.425924,0.0,0.189025,0.8501,False
auctTargetPrice,2.689026,0.099915,0.928068,0.8714,False
vpLTTrendExhaustion,0.712153,0.052657,0.203975,0.8735,False
atrProxy,9.100635,0.830988,2.35688,0.8772,False
liqContext,3.464241,0.264307,0.858443,0.9089,False
trendDirection,0.0,0.031926,0.091285,0.921,False
auctBalance,2.507742,0.434916,0.308328,0.9305,False
profilerBalMean,5.709617,0.824088,0.843647,0.9347,False
vpLTTransitionScore,0.202232,0.864218,0.05693,0.9383,False
entryAuctTargetPrice,0.371999,0.036765,0.068889,0.9486,False
entryVpBestHVN,0.451865,0.027606,0.101208,0.9563,False
vpDistCompPOC,2.119654,0.408577,0.18229,0.9573,False
entryAuctFailure,0.112198,0.034245,0.0,0.9618,False
smZoneQuality,2.066196,0.243595,0.312696,0.9648,False
vpLTTrendDuration,1.38989,0.0,0.404217,0.9761,False
smContext,0.629269,0.070835,2.551503,0.9803,False
auctMajorHVN,0.1855,0.052878,0.0,0.982,False
vpLTMajorHVNStrength,2.650358,0.074707,0.636946,0.9867,False
entryLTPOCMigration,0.200584,0.0,0.056222,0.9869,False
vpLTNearestZonePrice,0.453627,0.027111,0.085771,0.9996,False
structureBias,0.215475,0.055193,0.0,1.0129,False
ofContext,5.493131,0.915655,0.367249,1.0174,False
vpDistNakedPOC_ATR,4.5272,0.699279,0.294697,1.0362,False
entryVpVAH,1.30392,0.046472,0.240674,1.0421,False
entryAuctReversalRisk,0.782171,0.088076,0.074791,1.0488,False
entryAuctRegimeConf,0.159131,0.03541,0.0,1.052,False
entryAuctVAExpRate,0.087087,0.397574,0.0,1.0562,False
msSpreadScore,1.713554,0.097485,0.242544,1.0665,False
auctDistHVN,4.222097,0.248532,0.527492,1.087,False
vpLTPOC30d,9.621417,0.087151,1.73015,1.0915,False
RR,1.984934,0.229185,0.126842,1.0929,False
entryAuctTargetConf,0.172077,0.031885,0.0,1.0994,False
auctTargetType,3.159091,0.259821,0.286854,1.1013,False
auctMajorLVN,0.483889,0.086238,0.0,1.1089,False
auctHVNStrength,3.243816,0.063984,0.494951,1.1111,False
vpMigrationScore,0.958706,0.111061,0.039786,1.1286,False
riskReward,0.428828,0.069442,0.0,1.1315,False
vpVAH,0.397967,0.0,0.062623,1.138,False
vpLTBalanceStability,3.989556,0.382187,0.18295,1.1523,False
vpLTNearestZoneStrength,0.240088,0.034894,0.0,1.1555,False
auctExpMoveATR,3.326272,0.263984,0.182686,1.1634,False
profilerTQMean,5.626876,0.630361,0.125441,1.167,False
entryAuctTradeQuality,0.579928,0.061722,0.0,1.2159,False
entryAuctExpReward,1.324919,0.140406,0.0,1.2166,False
entryVpThinnessRatio,1.90621,0.046272,0.124476,1.2407,False
ofAbsorption,4.29487,0.224949,0.139926,1.2483,False
thesis,13.517467,0.686513,0.039721,1.3072,False
vpCompPOC,14.146851,0.294579,0.293367,1.3296,False
entryAuctBalance,0.807684,0.033936,0.0,1.3296,False
liqStopCluster,8.462461,0.069235,0.271888,1.3323,False
vpLTPOC10d,8.150134,0.08862,0.224516,1.3359,False
vpLTNearestZoneDir,2.632821,0.0,0.044553,1.3791,False
vpLTPOCAcceleration,9.298271,0.129552,0.02699,1.3792,False
liqEqualHL,3.253657,0.010287,0.020796,1.3941,False
auctState,0.035352,0.0,0.0,1.4142,False
vpCompInsideVA,0.159827,0.0,0.0,1.4142,False
entryVpOverlapBias,0.365687,0.0,0.0,1.4142,False
auctVAExpRate,0.0,1.547594,0.0,1.4142,False
chochBullish,0.14082,0.0,0.0,1.4142,False
entryAuctExhaustion,0.36875,0.0,0.0,1.4142,False
entryAuctContinuation,0.0,0.052844,0.0,1.4142,False
bosQuality,0.0,0.0,0.687075,1.4142,False
entryPrice,0.407856,0.0,0.0,1.4142,False
vpLTPOCMigration,0.0,0.0,0.035769,1.4142,False
vpDistToHVN,0.0,0.356282,0.0,1.4142,False
vpPOC,0.0,0.0,0.104713,1.4142,False
vpVAOverlapBias,0.191686,0.0,0.0,1.4142,False
