feature,win_top3_freq,lose_top3_freq,total_top3_freq,win_bias
msCompression,5,10,15,0.3333333333111111
spreadToATR,7,7,14,0.49999999996428574
vpNearestNakedPOC,9,2,11,0.8181818181074381
vpPullbackPOC,3,7,10,0.29999999997
atrProxy,3,2,5,0.59999999988
profilerMigMean,3,2,5,0.59999999988
vpBestHVNScore,5,0,5,0.9999999998
auctDistLVN,4,0,4,0.99999999975
auctExpMoveATR,4,0,4,0.99999999975
auctTradeQuality,4,0,4,0.99999999975
liqDensity,0,4,4,0.0
auctExpReward,0,4,4,0.0
vpLTPOCVelocity,0,3,3,0.0
avgSpread,0,3,3,0.0
vpDevPOCSlope,1,2,3,0.3333333332222222
msTickImbalance,0,3,3,0.0
vpDailyPOC,2,0,2,0.9999999995
vpDistNakedPOC_ATR,1,1,2,0.49999999975
auctHVNStrength,0,2,2,0.0
entryVpThinnessRatio,0,2,2,0.0
smMitigation,2,0,2,0.9999999995
auctDistHVN,2,0,2,0.9999999995
vpVAOverlapRatio,0,2,2,0.0
entryVpVAL,0,1,1,0.0
ofDeltaProxy,1,0,1,0.9999999989999999
chochLevel,0,1,1,0.0
vpLTTrendDuration,0,1,1,0.0
entryLTNearestZoneStrength,1,0,1,0.9999999989999999
entryVpVAH,1,0,1,0.9999999989999999
profilerTQMean,1,0,1,0.9999999989999999
entryProfilerSamples,1,0,1,0.9999999989999999
vpLTPOCAcceleration,0,1,1,0.0
