ticket,timestamp,symbol,setupType,direction,session,entryPrice,SL,TP,RR,thesis,vpPOC,vpVAH,vpVAL,vpInsideVA,vpDistToHVN,vpDistToLVN,vpPriceVsPOC,vpDailyPOC,vpCompPOC,vpCompVAH,vpCompVAL,vpCompInsideVA,vpDistCompPOC,vpThinnessRatio,vpProfileShape,vpBestHVN,vpBestHVNScore,vpVAOverlapRatio,vpVAOverlapBias,vpRangePOC,vpBreakoutPOC,vpPullbackPOC,vpNearestNakedPOC,vpDistNakedPOC_ATR,vpUpthrust,vpSpring,vpCompPosition,vpMigrationConf,vpDevPOCDir,vpDevPOCSlope,vpMigrationScore,auctAcceptance,auctState,auctBalance,auctProfileShape,auctShapeConf,auctMajorHVN,auctMajorLVN,auctDistHVN,auctDistLVN,auctVAExpRate,auctVAState,auctFailure,auctRegime,auctRegimeConf,auctExpReward,auctExpMoveATR,auctTargetProb,auctTradeQuality,auctTradeGrade,auctTargetPrice,auctTargetType,auctTargetConf,auctProfitZone,auctExhaustion,auctContinuation,auctReversalRisk,auctHVNStrength,auctLVNStrength,vpLTPOC60d,vpLTPOC30d,vpLTPOC10d,vpLTPOCVelocity,vpLTPOCAcceleration,vpLTPOCMigration,vpLTMajorHVNPrice,vpLTMajorHVNStrength,vpLTMajorLVNPrice,vpLTMajorLVNStrength,vpLTNearestZonePrice,vpLTNearestZoneStrength,vpLTNearestZoneDir,vpLTAcceptanceAtPrice,vpLTValid,profilerArchetype,profilerSamples,profilerMigMean,profilerBalMean,profilerTQMean,spreadPoints,avgSpread,spreadToATR,atrProxy,dataQuality,bosConfirmed,bosBullish,bosScore,bosLevel,chochConfirmed,chochBullish,chochScore,chochLevel,trendDirection,structDistATR,ltTransitionScore,ltBalanceStability,ltTrendDuration,ltTrendExhaustion,structureBias,msSpreadScore,msTickVelocity,msTickImbalance,msLiqVacuum,msCompression,ofDeltaProxy,ofCvdProxy,ofAbsorption,ofExhaustion,ofParticipation,ofDivergence,ofBullDiv,ofBearDiv,ofFlowIntensity,liqDensity,liqSweep,liqStopCluster,liqEqualHL,liqSessionLiq,liqPremDisc,smOrderBlock,smFVG,smMitigation,smBreakerBlock,smRejectionBlock,smZoneQuality
0,2020.02.02 00:00:00,USOILm,BREAKOUT,SELL,1,51.126,53.678,47.936,1.25,0.292,57.54537,59.401,51.9785,0,3.867,0.204,-5.0309,58.537,57.821,61.043,55.315,0,0.005,0.5,0,57.54537,0.721,1.0,0,0.0,0.0,58.537,57.74277,5.186,0,0,-1,0.375,0.0,0.0,0.25,0.108,1,0.325,0,0.514,57.17425,51.23625,4.74,0.086,0.2654,0,0.15,0,0.325,0.651,1.5,0.434,0.317,0,0.0,0,0.0,0.0,0.328,0.3,0.155,0.944,0.831,56.70097,56.24644,58.0,1478.2848,-89.6954,1,56.42066,0.517,65.07038,0.474,0.0,0.0,0,0.0,1,2,28,0.456,0.645,0.407,2.0,2.0,0.0016,1276.0,0.0,1,0,0.671,60.522,1,0,0.492,60.522,-1,7.364,0.255,0.745,0.0,1.0,0.0,0.0,0.0,0.5,0.0,0.153,0.302,0.304,0.465,0.0,0.394,0.0,0,0,0.416,0.001,0.0,0.333,0.143,0.425,0.134,0.0,0.508,0.0,0.0,0.0,1.099
49,2020.02.03 00:00:00,USOILm,BREAKOUT,SELL,1,51.09,53.49,48.09,1.25,0.334,57.54537,59.401,52.72075,0,4.142,0.187,-5.3795,58.50328,57.78372,61.74125,55.98485,0,0.006,0.45,0,57.54537,0.721,1.0,0,0.0,0.0,58.50328,57.74277,5.544,0,0,-1,0.45,0.0,0.0,0.285,0.118,2,0.639,0,0.52,57.17425,51.23625,5.07,0.122,-0.6185,1,0.15,0,0.639,0.649,1.5,0.432,0.396,1,0.0,0,0.0,0.0,0.625,0.0,0.157,0.944,0.823,56.70097,56.24644,58.32339,1801.1212,322.8364,2,56.42066,0.517,65.07038,0.475,0.0,0.0,0,0.0,1,2,29,0.456,0.645,0.407,2.0,2.0,0.0017,1200.0,0.0,1,0,0.671,60.522,1,0,0.492,60.522,-1,7.86,0.281,0.719,0.0,0.0,0.0,0.99,0.0,0.5,0.0,0.426,0.322,0.372,0.488,0.0,0.289,0.0,0,0,0.369,0.101,0.0,0.299,0.1,0.24,0.111,0.0,0.516,0.0,0.0,0.0,0.932
52,2020.02.06 00:00:00,USOILm,BREAKOUT,SELL,1,51.314,54.368,47.497,1.25,0.381,56.23618,59.0066,51.88265,0,2.705,0.405,-3.2234,58.8912,58.61082,62.1728,55.04885,0,0.005,0.45,0,56.23618,0.722,1.0,0,0.0,0.0,58.61082,57.74277,4.21,0,0,-1,0.522,0.3781,0.0248,0.378,0.274,2,0.619,0,0.583,55.8404,50.29955,2.964,0.664,0.0,2,0.0,0,0.619,1.318,3.223,0.409,0.498,1,56.23618,8,0.744,0.0,0.218,0.113,0.117,0.937,0.913,56.09705,56.03829,58.41294,1640.761,-92.8313,1,56.47964,0.527,64.98164,0.445,51.03836,0.408,-1,0.0,1,2,32,0.446,0.616,0.418,2.0,2.0,0.0013,1527.0,0.0,1,0,0.671,60.522,1,0,0.492,60.522,-1,6.03,0.434,0.566,0.0,1.0,0.0,0.99,0.0,0.5,0.572,0.181,0.366,0.393,0.506,0.0,0.328,0.635,1,0,0.363,0.269,0.0,0.482,0.1,0.337,0.35,0.0,0.502,0.0,0.0,0.1,1.007
54,2020.02.07 00:00:40,USOILm,BREAKOUT,SELL,1,50.239,53.402,46.286,1.25,0.389,56.23618,59.0066,51.88265,0,2.458,0.546,-3.7924,58.24225,58.61082,62.1728,55.04885,0,0.005,0.45,0,56.23618,0.722,0.889,0,0.0,0.0,58.61082,57.74277,3.911,0,0,-1,0.512,0.3565,0.0177,0.357,0.048,2,0.623,0,0.591,55.8404,50.29955,3.542,0.038,0.0,2,0.0,0,0.623,1.679,3.792,0.443,0.543,2,56.23618,8,0.744,0.0,0.285,0.107,0.118,0.937,0.906,56.09705,56.03829,58.41294,1673.5515,32.7904,2,56.47964,0.529,64.98164,0.451,0.0,0.0,0,0.103,1,2,33,0.446,0.616,0.418,2.0,2.0,0.0013,1581.4,0.0,1,0,0.671,60.522,1,0,0.492,60.522,-1,6.503,0.406,0.594,0.0,0.0,0.0,0.0,0.0,0.5,0.935,0.069,0.363,0.446,0.506,0.0,0.327,0.977,1,0,0.365,0.217,0.0,0.482,0.1,0.337,0.141,0.0,0.501,0.0,0.0,0.1,1.007
0,2020.02.09 00:00:00,USOILm,BREAKOUT,SELL,1,50.057,53.084,46.274,1.25,0.384,56.23618,59.0066,51.88265,0,3.56,0.101,-4.0831,58.24225,58.61082,62.1728,54.2573,0,0.006,0.45,0,56.23618,0.721,1.0,0,0.0,0.0,58.61082,57.74277,5.079,0,0,-1,0.511,0.341,0.0114,0.341,0.074,2,0.626,0,0.605,55.8404,50.29955,3.822,0.16,0.0,2,0.15,0,0.626,1.677,3.822,0.439,0.522,2,55.8404,2,0.55,0.0,0.338,0.102,0.173,0.937,0.884,56.09705,56.03829,58.41294,1678.7911,5.2396,2,56.47964,0.531,64.98164,0.457,0.0,0.0,0,0.0,1,2,34,0.446,0.616,0.418,2.0,2.0,0.0013,1513.4,0.0,1,0,0.671,60.522,1,0,0.492,60.522,-1,6.915,0.406,0.594,0.0,0.0,0.0,0.0,0.0,0.5,0.337,0.099,0.323,0.417,0.466,0.0,0.33,0.0,0,0,0.378,0.082,0.0,0.592,0.189,0.33,0.122,0.0,0.499,0.0,0.0,0.0,0.858
55,2020.02.10 00:00:00,USOILm,BREAKOUT,SELL,1,49.936,52.828,46.321,1.25,0.399,56.23618,59.0066,51.88265,0,3.81,0.022,-4.357,58.24225,58.61082,62.96435,54.2573,0,0.006,0.45,0,56.23618,0.717,1.0,0,0.0,0.0,58.61082,57.74277,5.399,0,0,-1,0.675,-0.685,-0.0559,0.685,0.083,2,0.557,0,0.605,55.8404,50.29955,4.083,0.251,0.0,2,0.15,0,0.557,0.656,1.5,0.437,0.386,1,0.0,0,0.0,0.0,0.335,0.206,0.173,0.937,0.877,56.09705,56.03829,58.41294,1829.8712,151.0801,2,56.47964,0.531,64.98164,0.457,0.0,0.0,0,0.0,1,2,35,0.446,0.616,0.418,2.0,2.0,0.0014,1446.0,0.0,1,0,0.671,60.522,1,0,0.492,60.522,-1,7.321,0.406,0.594,0.0,0.0,0.0,0.99,0.0,0.5,0.0,0.377,0.29,0.474,0.473,0.0,0.39,0.0,0,0,0.424,0.036,0.0,0.58,0.1,0.333,0.135,0.0,0.492,0.167,0.0,0.0,1.006
58,2020.02.11 00:00:00,USOILm,BREAKOUT,SELL,1,49.962,52.705,46.534,1.25,0.424,56.23618,59.0066,51.88265,0,3.998,0.042,-4.5754,50.25665,58.61082,63.7559,54.2573,0,0.006,0.45,0,56.23618,0.717,1.0,0,0.0,0.0,58.61082,57.74277,5.674,0,0,-1,0.75,-0.545,-0.1171,0.545,0.104,2,0.585,0,0.622,55.8404,50.29955,4.287,0.246,0.0,2,0.15,0,0.585,0.652,1.5,0.434,0.395,1,0.0,0,0.0,0.0,0.329,0.164,0.177,0.937,0.862,56.09705,56.03829,58.41294,1760.3971,-69.4741,1,56.47964,0.534,64.98164,0.463,50.69828,0.351,1,0.0,1,2,36,0.446,0.616,0.418,2.0,2.0,0.0015,1371.3,0.0,1,0,0.671,60.522,1,0,0.492,60.522,-1,7.701,0.425,0.575,0.0,1.0,0.0,0.99,0.0,0.5,0.0,0.537,0.342,0.472,0.472,0.0,0.448,0.584,1,0,0.416,0.046,0.0,0.585,0.1,0.332,0.129,0.0,0.491,0.167,0.0,0.528,1.02
60,2020.02.12 00:00:00,USOILm,BREAKOUT,SELL,1,50.314,53.14,46.782,1.25,0.475,56.23618,59.0066,51.88265,0,3.631,0.29,-4.1912,50.25665,58.61082,63.7559,54.2573,0,0.006,0.45,0,56.23618,0.712,1.0,0,0.0,0.0,58.61082,57.74277,5.257,0,0,-1,0.825,-0.58,-0.1572,0.58,0.216,2,0.578,0,0.632,55.8404,50.29955,3.911,0.01,0.0,2,0.15,0,0.578,1.633,3.911,0.418,0.509,2,55.8404,2,0.55,0.0,0.295,0.174,0.179,0.937,0.848,56.09705,56.03829,58.41294,1791.4161,31.019,2,56.47964,0.537,64.98164,0.469,51.03836,0.358,1,0.0,1,2,37,0.446,0.616,0.418,2.0,2.0,0.0014,1413.0,0.0,1,0,0.671,60.522,1,0,0.492,60.522,-1,7.224,0.406,0.594,0.0,0.0,0.0,0.99,0.0,0.5,0.0,0.627,0.39,0.398,0.464,0.0,0.52,0.31,1,0,0.413,0.07,0.0,0.584,0.1,0.332,0.177,0.0,0.493,0.167,0.0,0.236,1.02
62,2020.02.20 00:00:00,USOILm,BREAKOUT,SELL,1,53.76,55.566,51.883,1.04,0.251,56.23618,59.0066,51.88265,1,1.385,3.171,-2.0361,51.58378,58.61082,64.54745,51.88265,1,0.004,0.45,0,56.23618,0.722,0.909,0,0.0,0.0,52.27842,57.74277,3.275,0,0,0,0.45,-0.685,-0.0513,0.685,0.758,2,0.557,0,0.625,55.8404,49.90378,1.711,3.171,0.0,2,0.0,0,0.557,1.102,3.275,0.336,0.463,1,51.88265,5,0.6,0.0,0.073,0.206,0.125,0.937,0.884,56.09705,56.03829,52.08054,-3686.0365,-99.7258,-2,56.47964,0.532,64.98164,0.483,0.0,0.0,0,0.452,1,2,44,0.507,0.609,0.429,2.0,2.0,0.0016,1216.1,0.0,1,0,0.671,60.522,1,0,0.492,60.522,1,5.56,0.5,0.5,0.0,0.0,1.0,0.99,0.0,0.5,0.085,0.583,0.483,0.286,0.407,0.0,0.462,1.0,0,1,0.317,0.463,0.0,0.396,0.067,0.243,0.528,0.0,0.507,0.25,0.0,1.0,0.98
63,2020.02.20 00:00:20,USOILm,BREAKOUT_RETEST,SELL,1,54.536,55.566,49.671,4.72,0.387,56.23618,59.0066,51.88265,1,1.385,3.171,-1.398,51.58378,58.61082,64.54745,51.88265,1,0.003,0.45,0,56.23618,0.722,0.909,0,0.0,0.0,52.27842,57.74277,3.275,0,0,0,0.45,-0.685,-0.0513,0.685,0.768,2,0.557,0,0.625,55.8404,49.90378,1.073,3.809,0.0,2,0.0,0,0.557,1.275,3.809,0.335,0.483,1,56.23618,8,0.744,0.0,0.07,0.206,0.125,0.937,0.884,56.09705,56.03829,52.08054,-3686.0365,-99.7258,-2,56.47964,0.532,64.98164,0.483,0.0,0.0,0,0.452,1,2,44,0.507,0.609,0.429,2.0,2.0,0.0016,1216.1,0.0,1,0,0.671,60.522,1,0,0.492,60.522,1,4.922,0.5,0.5,0.0,0.0,1.0,0.99,0.0,0.5,0.186,0.486,0.492,0.286,0.407,0.0,0.462,1.0,0,1,0.312,0.465,0.0,0.317,0.067,0.243,0.546,0.0,0.509,0.25,0.0,1.0,0.98
64,2020.02.20 00:00:20,USOILm,PULLBACK,SELL,1,54.536,55.566,51.883,2.58,0.467,56.23618,59.0066,51.88265,1,1.385,3.171,-1.398,51.58378,58.61082,64.54745,51.88265,1,0.003,0.45,0,56.23618,0.722,0.909,0,0.0,0.0,52.27842,57.74277,3.275,0,0,0,0.45,-0.685,-0.0513,0.685,0.768,2,0.557,0,0.625,55.8404,49.90378,1.073,3.809,0.0,2,0.0,0,0.557,1.275,3.809,0.335,0.483,1,56.23618,8,0.744,0.0,0.07,0.206,0.125,0.937,0.884,56.09705,56.03829,52.08054,-3686.0365,-99.7258,-2,56.47964,0.532,64.98164,0.483,0.0,0.0,0,0.452,1,2,44,0.507,0.609,0.429,2.0,2.0,0.0016,1216.1,0.0,1,0,0.671,60.522,1,0,0.492,60.522,1,4.922,0.5,0.5,0.0,0.0,1.0,0.98,0.0,0.5,0.186,0.486,0.492,0.286,0.407,0.0,0.462,1.0,0,1,0.312,0.465,0.0,0.317,0.067,0.243,0.546,0.0,0.509,0.25,0.0,1.0,0.98
68,2020.02.21 00:00:20,USOILm,BREAKOUT,SELL,1,53.808,55.56,50.917,1.65,0.141,56.23618,59.0066,51.88265,1,1.695,7.171,-2.0996,51.6449,58.61082,64.54745,51.88265,1,0.004,0.45,0,56.23618,0.722,0.818,0,0.0,0.0,52.27842,57.74277,3.682,0,0,0,0.083,0.0,-0.0041,0.143,0.772,0,0.694,0,0.623,55.8404,49.90378,1.757,3.376,0.0,2,0.25,0,0.694,1.137,3.402,0.334,0.464,1,56.23618,8,0.744,0.0,0.168,0.0,0.212,0.937,0.884,56.09705,56.03829,52.08054,-3960.579,-274.5425,-2,56.47964,0.529,64.98164,0.483,0.0,0.0,0,0.45,1,2,45,0.507,0.609,0.429,2.0,2.0,0.0017,1156.5,0.0,1,0,0.671,60.522,1,0,0.492,60.522,1,5.805,0.5,0.5,0.0,0.0,1.0,0.99,0.0,0.5,0.0,0.387,0.494,0.387,0.392,0.0,0.447,1.0,0,1,0.3,0.532,0.0,0.425,0.067,0.273,0.501,0.0,0.512,0.25,0.0,1.0,0.919
69,2020.02.21 00:00:20,USOILm,PULLBACK,SELL,1,53.808,55.56,51.883,1.1,0.291,56.23618,59.0066,51.88265,1,1.695,7.171,-2.0996,51.6449,58.61082,64.54745,51.88265,1,0.004,0.45,0,56.23618,0.722,0.818,0,0.0,0.0,52.27842,57.74277,3.682,0,0,0,0.083,0.0,-0.0041,0.143,0.772,0,0.694,0,0.623,55.8404,49.90378,1.757,3.376,0.0,2,0.25,0,0.694,1.137,3.402,0.334,0.464,1,56.23618,8,0.744,0.0,0.168,0.0,0.212,0.937,0.884,56.09705,56.03829,52.08054,-3960.579,-274.5425,-2,56.47964,0.529,64.98164,0.483,0.0,0.0,0,0.45,1,2,45,0.507,0.609,0.429,2.0,2.0,0.0017,1156.5,0.0,1,0,0.671,60.522,1,0,0.492,60.522,1,5.805,0.5,0.5,0.0,0.0,1.0,0.98,0.0,0.5,0.0,0.387,0.494,0.387,0.392,0.0,0.447,1.0,0,1,0.3,0.532,0.0,0.425,0.067,0.273,0.501,0.0,0.512,0.25,0.0,1.0,0.919
70,2020.02.21 00:00:40,USOILm,ANCHORED_PULLBACK,SELL,1,52.556,52.625,51.883,9.71,0.392,56.23618,59.0066,51.88265,1,1.695,7.171,-3.1822,51.6449,58.61082,64.54745,51.88265,1,0.005,0.45,0,56.23618,0.722,0.818,0,0.0,0.0,52.27842,57.74277,3.682,0,0,0,0.083,0.0,-0.0041,0.143,0.612,0,0.694,0,0.623,55.8404,49.90378,2.84,2.293,0.0,2,0.25,0,0.694,1.14,3.182,0.358,0.464,1,51.88265,5,0.6,0.0,0.216,0.0,0.212,0.937,0.884,56.09705,56.03829,52.08054,-3960.579,-274.5425,-2,56.47964,0.529,64.98164,0.483,0.0,0.0,0,0.45,1,2,45,0.507,0.609,0.429,2.0,2.0,0.0017,1156.5,0.0,1,0,0.671,60.522,1,0,0.492,60.522,1,6.888,0.5,0.5,0.0,0.0,1.0,0.0,0.0,0.5,0.259,0.524,0.469,0.387,0.407,0.0,0.464,1.0,0,1,0.326,0.591,0.0,0.567,0.067,0.273,0.57,0.0,0.493,0.25,0.0,1.0,0.867
74,2020.02.24 00:00:59,USOILm,ANCHORED_PULLBACK,SELL,1,51.468,52.187,49.528,2.7,0.323,56.23618,59.0066,51.88265,0,3.477,10.007,-4.9164,51.6449,58.61082,64.54745,51.88265,0,0.007,0.45,0,56.23618,0.722,1.0,0,0.0,0.0,51.89637,57.74277,5.847,0,0,0,0.5,0.545,0.0544,0.545,0.365,2,0.585,0,0.644,55.8404,63.36012,4.508,12.262,0.0,2,0.0,0,0.585,0.593,1.5,0.395,0.413,1,0.0,0,0.0,0.0,0.19,0.164,0.129,0.937,0.896,56.09705,56.03829,52.08054,-4520.9285,-375.1373,-2,56.47964,0.526,64.98164,0.483,0.0,0.0,0,0.287,1,2,47,0.507,0.609,0.429,2.0,2.0,0.0021,969.9,0.0,1,0,0.671,60.522,1,0,0.492,60.522,1,9.335,0.5,0.5,0.0,0.0,1.0,0.01,0.0,0.5,0.0,0.533,0.497,0.184,0.491,0.0,0.353,0.618,0,1,0.29,0.311,0.0,0.811,0.067,0.294,0.21,0.0,0.508,0.25,0.0,1.0,0.94
75,2020.02.25 00:00:00,USOILm,BREAKOUT,SELL,1,51.478,53.484,48.97,1.25,0.45,56.23618,59.0066,51.88265,0,3.954,10.266,-4.7429,51.6449,58.61082,64.54745,51.88265,0,0.007,0.45,0,56.23618,0.722,1.0,0,0.0,0.0,51.7904,57.74277,6.245,0,0,-1,0.825,0.58,0.0526,0.58,0.391,2,0.578,0,0.64,55.8404,63.36012,4.348,11.844,0.0,2,0.0,0,0.578,0.587,1.5,0.391,0.41,1,0.0,0,0.0,0.0,0.183,0.174,0.128,0.937,0.899,56.09705,56.03829,51.28899,-4887.5478,-366.6193,-2,56.47964,0.526,64.98164,0.487,0.0,0.0,0,0.091,1,2,48,0.507,0.609,0.429,2.0,2.0,0.002,1003.2,0.0,1,0,0.671,60.522,1,0,0.492,60.522,1,9.015,0.5,0.5,0.0,0.0,1.0,0.99,0.0,0.5,0.0,0.524,0.498,0.191,0.51,0.0,0.438,0.0,0,0,0.329,0.315,1.0,0.952,0.067,0.339,0.215,0.0,0.501,0.333,0.0,1.0,0.959
78,2020.02.26 00:00:00,USOILm,BREAKOUT,SELL,1,50.187,52.455,47.352,1.25,0.403,56.23618,59.0066,51.88265,0,4.637,10.92,-5.335,51.6449,58.61082,64.54745,51.88265,0,0.007,0.45,0,56.23618,0.732,1.0,0,0.0,0.0,51.75395,57.74277,6.664,0,0,-1,0.655,0.4519,0.0296,0.452,0.153,2,0.604,0,0.66,55.8404,63.36012,4.986,11.618,0.0,2,0.0,0,0.604,0.641,1.5,0.427,0.425,1,0.0,0,0.0,0.0,0.254,0.136,0.132,0.937,0.907,56.09705,56.03829,51.28899,-4479.2643,408.2834,-1,56.47964,0.528,64.98164,0.493,0.0,0.0,0,0.0,1,2,49,0.507,0.609,0.429,2.0,2.0,0.0018,1133.9,0.0,1,0,0.671,60.522,1,0,0.492,60.522,1,9.115,0.546,0.454,0.0,1.0,1.0,0.99,0.0,0.5,0.0,0.324,0.501,0.117,0.492,0.0,0.347,0.0,0,0,0.287,0.229,0.0,0.72,0.067,0.337,0.126,0.0,0.508,0.333,0.0,1.0,0.938
