ticket,symbol,setupType,direction,entryTime,exitTime,holdingMinutes,entryPrice,exitPrice,profitPips,profitUSD,maeATR,mfeATR,exitReason,entryVpPOC,entryVpVAH,entryVpVAL,entryVpInsideVA,entryVpDistHVN,entryVpDistLVN,entryVpBestHVN,entryVpThinnessRatio,entryVpOverlapBias,entryVpMigrationConf,entryVpDevPOCDir,entryVpProfileShape,entryVpUpthrust,entryVpSpring,entryVpCompPosition,entryVpBreakoutPOC,entryAuctRegime,entryAuctRegimeConf,entryAuctTradeQuality,entryAuctTradeGrade,entryAuctBalance,entryAuctContinuation,entryAuctReversalRisk,entryAuctExhaustion,entryAuctFailure,entryAuctVAExpRate,entryAuctTargetPrice,entryAuctTargetConf,entryAuctExpReward,entryLTValid,entryLTPOCMigration,entryLTNearestZoneStrength,entryArchetype,entryProfilerSamples,thesis,riskReward,exitAuctRegime,exitAuctFailure,exitAuctContinuation,exitAuctReversalRisk,exitAuctExhaustion,exitAuctBalance,exitVpMigrationConf,exitVpInsideVA,exitVpDevPOCDir,exitSpreadPoints,exitAtrProxy
7368,XAUGBPm,BREAKOUT,BUY,2022.07.01 01:00:00,2022.07.01 01:01:40,1,1488.468,1483.855,-4613.0,-560.62,0.0,0.0,SL_HIT,0.0,0.0,0.0,0,0.0,0.0,0.0,0.0,0,0.0,0.0,0,0,0,0,0.0,0,0.0,0.0,0,0.0,0.0,0.0,0.0,0.0,0.0,0.0,0.0,0.0,0,0,0.0,0,0,0.0,0.0,0,0.4,0.247,0.14,0.225,0.704,1.0,0,-0.825,4542.0,5422.7
7374,XAUGBPm,BREAKOUT,BUY,2022.07.01 05:00:00,2022.07.01 05:03:40,3,1489.723,1484.841,-4882.0,-591.79,0.0,0.0,SL_HIT,0.0,0.0,0.0,0,0.0,0.0,0.0,0.0,0,0.0,0.0,0,0,0,0,0.0,0,0.0,0.0,0,0.0,0.0,0.0,0.0,0.0,0.0,0.0,0.0,0.0,0,0,0.0,0,0,0.0,0.0,0,0.15,0.216,0.196,0.213,0.766,0.75,1,0.72,4542.0,3254.9
7375,XAUGBPm,PULLBACK,BUY,2022.07.01 05:00:20,2022.07.01 05:03:40,3,1489.686,1484.804,-4882.0,-591.79,0.0,0.0,SL_HIT,0.0,0.0,0.0,0,0.0,0.0,0.0,0.0,0,0.0,0.0,0,0,0,0,0.0,0,0.0,0.0,0,0.0,0.0,0.0,0.0,0.0,0.0,0.0,0.0,0.0,0,0,0.0,0,0,0.0,0.0,0,0.15,0.216,0.196,0.213,0.766,0.75,1,0.72,4542.0,3254.9
7379,XAUGBPm,TREND_CONTINUATION,SELL,2022.07.01 13:15:59,2022.07.01 13:16:40,0,1492.342,1497.152,-4810.0,-577.22,0.0,0.0,SL_HIT,0.0,0.0,0.0,0,0.0,0.0,0.0,0.0,0,0.0,0.0,0,0,0,0,0.0,0,0.0,0.0,0,0.0,0.0,0.0,0.0,0.0,0.0,0.0,0.0,0.0,0,0,0.0,0,0,0.0,0.0,0,0.4,0.206,0.253,0.445,0.783,1.0,0,-0.685,4542.0,4008.6
7378,XAUGBPm,BREAKOUT,SELL,2022.07.01 13:15:40,2022.07.01 13:36:40,21,1492.51,1498.523,-6013.0,-722.27,0.0,0.0,SL_HIT,0.0,0.0,0.0,0,0.0,0.0,0.0,0.0,0,0.0,0.0,0,0,0,0,0.0,0,0.0,0.0,0,0.0,0.0,0.0,0.0,0.0,0.0,0.0,0.0,0.0,0,0,0.0,0,0,0.0,0.0,0,0.4,0.206,0.253,0.445,0.783,1.0,0,-0.685,4542.0,4008.6
7382,XAUGBPm,PULLBACK,BUY,2022.07.01 14:00:00,2022.07.01 14:01:00,1,1496.507,1492.429,-4078.0,-489.65,0.0,0.0,SL_HIT,0.0,0.0,0.0,0,0.0,0.0,0.0,0.0,0,0.0,0.0,0,0,0,0,0.0,0,0.0,0.0,0,0.0,0.0,0.0,0.0,0.0,0.0,0.0,0.0,0.0,0,0,0.0,0,0,0.0,0.0,0,0.0,0.206,0.0,0.116,0.716,0.675,0,0.685,4542.0,4475.6
7384,XAUGBPm,ANCHORED_PULLBACK,BUY,2022.07.01 15:00:00,2022.07.01 15:01:00,1,1503.036,1498.602,-4434.0,-532.24,0.0,0.0,SL_HIT,0.0,0.0,0.0,0,0.0,0.0,0.0,0.0,0,0.0,0.0,0,0,0,0,0.0,0,0.0,0.0,0,0.0,0.0,0.0,0.0,0.0,0.0,0.0,0.0,0.0,0,0,0.0,0,0,0.0,0.0,0,0.0,0.216,0.0,0.212,0.457,0.75,0,0.72,4542.0,5152.8
7386,XAUGBPm,BREAKOUT,BUY,2022.07.01 15:15:40,2022.07.01 15:16:40,1,1507.347,1502.619,-4728.0,-567.88,0.0,0.0,SL_HIT,0.0,0.0,0.0,0,0.0,0.0,0.0,0.0,0,0.0,0.0,0,0,0,0,0.0,0,0.0,0.0,0,0.0,0.0,0.0,0.0,0.0,0.0,0.0,0.0,0.0,0,0,0.0,0,0,0.0,0.0,0,0.0,0.216,0.0,0.281,0.457,0.75,0,0.72,4542.0,5152.8
7387,XAUGBPm,TREND_CONTINUATION,BUY,2022.07.01 15:15:59,2022.07.01 15:16:40,0,1507.347,1502.496,-4851.0,-582.66,0.0,0.0,SL_HIT,0.0,0.0,0.0,0,0.0,0.0,0.0,0.0,0,0.0,0.0,0,0,0,0,0.0,0,0.0,0.0,0,0.0,0.0,0.0,0.0,0.0,0.0,0.0,0.0,0.0,0,0,0.0,0,0,0.0,0.0,0,0.0,0.216,0.0,0.281,0.457,0.75,0,0.72,4542.0,5152.8
7390,XAUGBPm,SWEEP_REVERSAL,SELL,2022.07.01 15:46:00,2022.07.01 15:47:40,1,1497.406,1502.559,-5153.0,-620.98,0.0,0.0,SL_HIT,0.0,0.0,0.0,0,0.0,0.0,0.0,0.0,0,0.0,0.0,0,0,0,0,0.0,0,0.0,0.0,0,0.0,0.0,0.0,0.0,0.0,0.0,0.0,0.0,0.0,0,0,0.0,0,0,0.0,0.0,0,0.0,0.216,0.0,0.121,0.457,0.75,0,0.72,4542.0,5152.8
7392,XAUGBPm,BREAKOUT,BUY,2022.07.01 17:22:40,2022.07.01 17:24:20,1,1496.727,1492.396,-4331.0,-521.6,0.0,0.0,SL_HIT,0.0,0.0,0.0,0,0.0,0.0,0.0,0.0,0,0.0,0.0,0,0,0,0,0.0,0,0.0,0.0,0,0.0,0.0,0.0,0.0,0.0,0.0,0.0,0.0,0.0,0,0,0.0,0,0,0.0,0.0,0,0.25,0.185,0.217,0.1,0.632,0.6,1,0.615,4542.0,5852.5
7393,XAUGBPm,TREND_CONTINUATION,BUY,2022.07.01 17:22:59,2022.07.01 17:24:20,1,1496.712,1492.396,-4316.0,-519.8,0.0,0.0,SL_HIT,0.0,0.0,0.0,0,0.0,0.0,0.0,0.0,0,0.0,0.0,0,0,0,0,0.0,0,0.0,0.0,0,0.0,0.0,0.0,0.0,0.0,0.0,0.0,0.0,0.0,0,0,0.0,0,0,0.0,0.0,0,0.25,0.185,0.217,0.1,0.632,0.6,1,0.615,4542.0,5852.5
7396,XAUGBPm,TREND_CONTINUATION,BUY,2022.07.01 20:47:40,2022.07.01 20:49:40,2,1497.1,1492.356,-4744.0,-574.06,0.0,0.0,SL_HIT,0.0,0.0,0.0,0,0.0,0.0,0.0,0.0,0,0.0,0.0,0,0,0,0,0.0,0,0.0,0.0,0,0.0,0.0,0.0,0.0,0.0,0.0,0.0,0.0,0.0,0,0,0.0,0,0,0.0,0.0,0,0.4,0.216,0.14,0.259,0.658,1.0,1,0.72,4542.0,5868.3
7398,XAUGBPm,BREAKOUT,BUY,2022.07.03 23:06:40,2022.07.03 23:08:40,2,1496.728,1491.978,-4750.0,-575.19,0.0,0.0,SL_HIT,0.0,0.0,0.0,0,0.0,0.0,0.0,0.0,0,0.0,0.0,0,0,0,0,0.0,0,0.0,0.0,0,0.0,0.0,0.0,0.0,0.0,0.0,0.0,0.0,0.0,0,0,0.0,0,0,0.0,0.0,0,0.0,0.29,0.0,0.098,0.709,0.8,1,0.965,4542.0,5730.8
7399,XAUGBPm,TREND_CONTINUATION,BUY,2022.07.03 23:07:40,2022.07.03 23:08:40,1,1496.453,1491.978,-4475.0,-541.89,0.0,0.0,SL_HIT,0.0,0.0,0.0,0,0.0,0.0,0.0,0.0,0,0.0,0.0,0,0,0,0,0.0,0,0.0,0.0,0,0.0,0.0,0.0,0.0,0.0,0.0,0.0,0.0,0.0,0,0,0.0,0,0,0.0,0.0,0,0.0,0.29,0.0,0.098,0.709,0.8,1,0.965,4542.0,5730.8
7404,XAUGBPm,TREND_CONTINUATION,SELL,2022.07.04 02:00:40,2022.07.04 02:16:40,16,1492.447,1498.398,-5951.0,-719.93,0.0,0.0,SL_HIT,0.0,0.0,0.0,0,0.0,0.0,0.0,0.0,0,0.0,0.0,0,0,0,0,0.0,0,0.0,0.0,0,0.0,0.0,0.0,0.0,0.0,0.0,0.0,0.0,0.0,0,0,0.0,0,0,0.0,0.0,0,0.15,0.226,0.15,0.356,0.729,0.55,0,-0.755,4542.0,4959.2
7402,XAUGBPm,BREAKOUT,SELL,2022.07.04 02:00:00,2022.07.04 02:17:40,17,1492.22,1499.659,-7439.0,-899.84,0.0,0.0,SL_HIT,0.0,0.0,0.0,0,0.0,0.0,0.0,0.0,0,0.0,0.0,0,0,0,0,0.0,0,0.0,0.0,0,0.0,0.0,0.0,0.0,0.0,0.0,0.0,0.0,0.0,0,0,0.0,0,0,0.0,0.0,0,0.15,0.226,0.15,0.356,0.729,0.55,0,-0.755,4542.0,4959.2
7403,XAUGBPm,PULLBACK,SELL,2022.07.04 02:00:30,2022.07.04 02:17:40,17,1492.218,1499.657,-7439.0,-899.84,0.0,0.0,SL_HIT,0.0,0.0,0.0,0,0.0,0.0,0.0,0.0,0,0.0,0.0,0,0,0,0,0.0,0,0.0,0.0,0,0.0,0.0,0.0,0.0,0.0,0.0,0.0,0.0,0.0,0,0,0.0,0,0,0.0,0.0,0,0.15,0.226,0.15,0.356,0.729,0.55,0,-0.755,4542.0,4959.2
7409,XAUGBPm,BREAKOUT,BUY,2022.07.04 04:00:00,2022.07.04 04:04:40,4,1500.98,1496.668,-4312.0,-521.21,0.0,0.0,SL_HIT,0.0,0.0,0.0,0,0.0,0.0,0.0,0.0,0,0.0,0.0,0,0,0,0,0.0,0,0.0,0.0,0,0.0,0.0,0.0,0.0,0.0,0.0,0.0,0.0,0.0,0,0,0.0,0,0,0.0,0.0,0,0.4,0.108,0.14,0.399,0.829,0.542,0,-0.3611,4542.0,4696.5
7411,XAUGBPm,SWEEP_REVERSAL,SELL,2022.07.04 04:53:20,2022.07.04 04:54:40,1,1496.357,1501.054,-4697.0,-567.98,0.0,0.0,SL_HIT,0.0,0.0,0.0,0,0.0,0.0,0.0,0.0,0,0.0,0.0,0,0,0,0,0.0,0,0.0,0.0,0,0.0,0.0,0.0,0.0,0.0,0.0,0.0,0.0,0.0,0,0,0.0,0,0,0.0,0.0,0,0.4,0.108,0.14,0.399,0.829,0.542,0,-0.3611,4542.0,4696.5
7413,XAUGBPm,TREND_CONTINUATION,BUY,2022.07.04 05:00:00,2022.07.04 05:01:00,1,1501.05,1496.525,-4525.0,-547.16,0.0,0.0,SL_HIT,0.0,0.0,0.0,0,0.0,0.0,0.0,0.0,0,0.0,0.0,0,0,0,0,0.0,0,0.0,0.0,0,0.0,0.0,0.0,0.0,0.0,0.0,0.0,0.0,0.0,0,0,0.0,0,0,0.0,0.0,0,0.15,0.197,0.053,0.237,0.671,0.63,1,0.6552,4542.0,4177.9
7415,XAUGBPm,PULLBACK,BUY,2022.07.04 07:23:20,2022.07.04 07:24:40,1,1495.441,1491.896,-3545.0,-429.73,0.0,0.0,SL_HIT,0.0,0.0,0.0,0,0.0,0.0,0.0,0.0,0,0.0,0.0,0,0,0,0,0.0,0,0.0,0.0,0,0.0,0.0,0.0,0.0,0.0,0.0,0.0,0.0,0.0,0,0,0.0,0,0,0.0,0.0,0,0.4,0.174,0.14,0.447,0.804,0.825,0,0.58,4542.0,3214.0
7417,XAUGBPm,BREAKOUT,SELL,2022.07.04 08:05:20,2022.07.04 08:06:40,1,1490.183,1495.12,-4937.0,-598.08,0.0,0.0,SL_HIT,0.0,0.0,0.0,0,0.0,0.0,0.0,0.0,0,0.0,0.0,0,0,0,0,0.0,0,0.0,0.0,0,0.0,0.0,0.0,0.0,0.0,0.0,0.0,0.0,0.0,0,0,0.0,0,0,0.0,0.0,0,0.25,0.185,0.16,0.335,0.652,0.9,0,0.615,4542.0,3075.4
7419,XAUGBPm,PULLBACK,BUY,2022.07.04 09:23:20,2022.07.04 09:24:20,1,1494.878,1490.613,-4265.0,-516.43,0.0,0.0,SL_HIT,0.0,0.0,0.0,0,0.0,0.0,0.0,0.0,0,0.0,0.0,0,0,0,0,0.0,0,0.0,0.0,0,0.0,0.0,0.0,0.0,0.0,0.0,0.0,0.0,0.0,0,0,0.0,0,0,0.0,0.0,0,0.4,0.16,0.212,0.181,0.606,0.8,0,0.5333,4542.0,3067.6
7408,XAUGBPm,SWEEP_REVERSAL,SELL,2022.07.04 02:17:40,2022.07.04 09:34:40,437,1497.532,1492.456,5076.0,616.05,0.0,0.0,TP_HIT,0.0,0.0,0.0,0,0.0,0.0,0.0,0.0,0,0.0,0.0,0,0,0,0,0.0,0,0.0,0.0,0,0.0,0.0,0.0,0.0,0.0,0.0,0.0,0.0,0.0,0,0,0.0,0,0,0.0,0.0,0,0.4,0.16,0.212,0.422,0.606,0.8,0,0.5333,4542.0,3067.6
7423,XAUGBPm,BREAKOUT,BUY,2022.07.04 22:01:00,2022.07.04 22:01:40,0,1495.749,1491.091,-4658.0,-564.02,0.0,0.0,SL_HIT,0.0,0.0,0.0,0,0.0,0.0,0.0,0.0,0,0.0,0.0,0,0,0,0,0.0,0,0.0,0.0,0,0.0,0.0,0.0,0.0,0.0,0.0,0.0,0.0,0.0,0,0,0.0,0,0,0.0,0.0,0,0.0,0.127,0.223,0.187,0.822,0.364,1,0.4238,4542.0,3217.2
7424,XAUGBPm,PULLBACK,BUY,2022.07.04 22:01:20,2022.07.04 22:01:40,0,1495.749,1491.091,-4658.0,-564.02,0.0,0.0,SL_HIT,0.0,0.0,0.0,0,0.0,0.0,0.0,0.0,0,0.0,0.0,0,0,0,0,0.0,0,0.0,0.0,0,0.0,0.0,0.0,0.0,0.0,0.0,0.0,0.0,0.0,0,0,0.0,0,0,0.0,0.0,0,0.0,0.127,0.223,0.187,0.822,0.364,1,0.4238,4542.0,3217.2
7427,XAUGBPm,ANCHORED_PULLBACK,BUY,2022.07.04 22:01:59,2022.07.04 22:02:40,0,1495.426,1490.763,-4663.0,-564.68,0.0,0.0,SL_HIT,0.0,0.0,0.0,0,0.0,0.0,0.0,0.0,0,0.0,0.0,0,0,0,0,0.0,0,0.0,0.0,0,0.0,0.0,0.0,0.0,0.0,0.0,0.0,0.0,0.0,0,0,0.0,0,0,0.0,0.0,0,0.0,0.127,0.223,0.187,0.822,0.364,1,0.4238,4542.0,3217.2
7422,XAUGBPm,BREAKOUT,SELL,2022.07.04 14:54:40,2022.07.04 22:35:40,461,1491.173,1496.201,-5028.0,-608.63,0.0,0.0,SL_HIT,0.0,0.0,0.0,0,0.0,0.0,0.0,0.0,0,0.0,0.0,0,0,0,0,0.0,0,0.0,0.0,0,0.0,0.0,0.0,0.0,0.0,0.0,0.0,0.0,0.0,0,0,0.0,0,0,0.0,0.0,0,0.0,0.127,0.223,0.276,0.822,0.364,0,0.4238,4542.0,3217.2
7430,XAUGBPm,PULLBACK,BUY,2022.07.05 02:01:30,2022.07.05 02:01:40,0,1497.543,1492.984,-4559.0,-552.42,0.0,0.0,SL_HIT,0.0,0.0,0.0,0,0.0,0.0,0.0,0.0,0,0.0,0.0,0,0,0,0,0.0,0,0.0,0.0,0,0.0,0.0,0.0,0.0,0.0,0.0,0.0,0.0,0.0,0,0,0.0,0,0,0.0,0.0,0,0.4,0.195,0.338,0.352,0.787,0.975,1,0.65,4542.0,3039.1
7432,XAUGBPm,PULLBACK,BUY,2022.07.05 12:29:40,2022.07.05 12:29:59,0,1505.707,1501.041,-4666.0,-558.87,0.0,0.0,SL_HIT,0.0,0.0,0.0,0,0.0,0.0,0.0,0.0,0,0.0,0.0,0,0,0,0,0.0,0,0.0,0.0,0,0.0,0.0,0.0,0.0,0.0,0.0,0.0,0.0,0.0,0,0,0.0,0,0,0.0,0.0,0,0.0,0.3,0.059,0.286,0.606,0.8,0,1.0,4542.0,2705.6
7434,XAUGBPm,TREND_CONTINUATION,BUY,2022.07.05 12:54:40,2022.07.05 13:01:40,7,1506.258,1502.3,-3958.0,-473.36,0.0,0.0,SL_HIT,0.0,0.0,0.0,0,0.0,0.0,0.0,0.0,0,0.0,0.0,0,0,0,0,0.0,0,0.0,0.0,0,0.0,0.0,0.0,0.0,0.0,0.0,0.0,0.0,0.0,0,0,0.0,0,0,0.0,0.0,0,0.0,0.3,0.0,0.216,0.682,1.0,0,1.0,4542.0,3264.1
7436,XAUGBPm,BREAKOUT,BUY,2022.07.05 14:04:40,2022.07.05 14:05:40,1,1488.94,1483.625,-5315.0,-635.24,0.0,0.0,SL_HIT,0.0,0.0,0.0,0,0.0,0.0,0.0,0.0,0,0.0,0.0,0,0,0,0,0.0,0,0.0,0.0,0,0.0,0.0,0.0,0.0,0.0,0.0,0.0,0.0,0.0,0,0,0.0,0,0,0.0,0.0,0,0.15,0.3,0.201,0.341,0.607,1.0,0,1.0,4542.0,4011.4
7438,XAUGBPm,TREND_CONTINUATION,BUY,2022.07.05 14:54:40,2022.07.05 14:54:59,0,1486.614,1481.8,-4814.0,-573.71,0.0,0.0,SL_HIT,0.0,0.0,0.0,0,0.0,0.0,0.0,0.0,0,0.0,0.0,0,0,0,0,0.0,0,0.0,0.0,0,0.0,0.0,0.0,0.0,0.0,0.0,0.0,0.0,0.0,0,0,0.0,0,0,0.0,0.0,0,0.15,0.3,0.201,0.341,0.607,1.0,0,1.0,4542.0,4011.4
7440,XAUGBPm,PULLBACK,BUY,2022.07.05 15:00:00,2022.07.05 15:01:00,1,1485.741,1482.463,-3278.0,-390.55,0.0,0.0,SL_HIT,0.0,0.0,0.0,0,0.0,0.0,0.0,0.0,0,0.0,0.0,0,0,0,0,0.0,0,0.0,0.0,0,0.0,0.0,0.0,0.0,0.0,0.0,0.0,0.0,0.0,0,0,0.0,0,0,0.0,0.0,0,0.25,0.159,0.166,0.244,0.62,0.759,0,0.5308,4542.0,5033.7
7444,XAUGBPm,SWEEP_REVERSAL,BUY,2022.07.05 17:29:40,2022.07.05 17:31:20,1,1481.304,1477.699,-3605.0,-429.88,0.0,0.0,SL_HIT,0.0,0.0,0.0,0,0.0,0.0,0.0,0.0,0,0.0,0.0,0,0,0,0,0.0,0,0.0,0.0,0,0.0,0.0,0.0,0.0,0.0,0.0,0.0,0.0,0.0,0,0,0.0,0,0,0.0,0.0,0,0.0,0.216,0.15,0.269,0.654,0.5,1,-0.72,4542.0,5493.9
7449,XAUGBPm,MEAN_REVERSION,BUY,2022.07.05 20:57:40,2022.07.05 22:01:40,64,1478.26,1475.452,-2808.0,-335.79,0.0,0.0,SL_HIT,0.0,0.0,0.0,0,0.0,0.0,0.0,0.0,0,0.0,0.0,0,0,0,0,0.0,0,0.0,0.0,0,0.0,0.0,0.0,0.0,0.0,0.0,0.0,0.0,0.0,0,0,0.0,0,0,0.0,0.0,0,0.15,0.258,0.172,0.296,0.732,1.0,0,-0.86,4542.0,5763.5
7448,XAUGBPm,TREND_CONTINUATION,SELL,2022.07.05 19:00:59,2022.07.05 23:43:40,282,1475.511,1482.348,-6837.0,-817.17,0.0,0.0,SL_HIT,0.0,0.0,0.0,0,0.0,0.0,0.0,0.0,0,0.0,0.0,0,0,0,0,0.0,0,0.0,0.0,0,0.0,0.0,0.0,0.0,0.0,0.0,0.0,0.0,0.0,0,0,0.0,0,0,0.0,0.0,0,0.4,0.216,0.269,0.381,0.658,0.75,0,-0.72,4542.0,5544.0
7453,XAUGBPm,TREND_CONTINUATION,SELL,2022.07.05 23:01:30,2022.07.06 00:06:40,65,1476.953,1483.606,-6653.0,-795.06,0.0,0.0,SL_HIT,0.0,0.0,0.0,0,0.0,0.0,0.0,0.0,0,0.0,0.0,0,0,0,0,0.0,0,0.0,0.0,0,0.0,0.0,0.0,0.0,0.0,0.0,0.0,0.0,0.0,0,0,0.0,0,0,0.0,0.0,0,0.4,0.226,0.312,0.434,0.661,1.0,0,-0.755,4542.0,5516.9
7464,XAUGBPm,BREAKOUT,BUY,2022.07.06 06:00:40,2022.07.06 06:00:59,0,1482.002,1477.318,-4684.0,-558.74,0.0,0.0,SL_HIT,0.0,0.0,0.0,0,0.0,0.0,0.0,0.0,0,0.0,0.0,0,0,0,0,0.0,0,0.0,0.0,0,0.0,0.0,0.0,0.0,0.0,0.0,0.0,0.0,0.0,0,0,0.0,0,0,0.0,0.0,0,0.4,0.164,0.29,0.335,0.813,0.75,1,0.545,4542.0,3122.6
7466,XAUGBPm,PULLBACK,BUY,2022.07.06 06:01:40,2022.07.06 06:01:59,0,1482.044,1477.36,-4684.0,-558.86,0.0,0.0,SL_HIT,0.0,0.0,0.0,0,0.0,0.0,0.0,0.0,0,0.0,0.0,0,0,0,0,0.0,0,0.0,0.0,0,0.0,0.0,0.0,0.0,0.0,0.0,0.0,0.0,0.0,0,0,0.0,0,0,0.0,0.0,0,0.4,0.164,0.29,0.263,0.813,0.75,1,0.545,4542.0,3122.6
7468,XAUGBPm,BREAKOUT,SELL,2022.07.06 10:00:40,2022.07.06 10:00:59,0,1475.005,1479.62,-4615.0,-551.03,0.0,0.0,SL_HIT,0.0,0.0,0.0,0,0.0,0.0,0.0,0.0,0,0.0,0.0,0,0,0,0,0.0,0,0.0,0.0,0,0.0,0.0,0.0,0.0,0.0,0.0,0.0,0.0,0.0,0,0,0.0,0,0,0.0,0.0,0,0.0,0.188,0.14,0.051,0.758,0.391,1,-0.6255,4542.0,3076.9
7470,XAUGBPm,BREAKOUT,SELL,2022.07.06 12:08:40,2022.07.06 12:14:40,6,1481.521,1486.536,-5015.0,-595.6,0.0,0.0,SL_HIT,0.0,0.0,0.0,0,0.0,0.0,0.0,0.0,0,0.0,0.0,0,0,0,0,0.0,0,0.0,0.0,0,0.0,0.0,0.0,0.0,0.0,0.0,0.0,0.0,0.0,0,0,0.0,0,0,0.0,0.0,0,0.4,0.174,0.313,0.449,0.637,0.825,0,-0.58,4542.0,3343.0
7472,XAUGBPm,PULLBACK,SELL,2022.07.06 12:14:40,2022.07.06 12:16:40,2,1482.475,1487.49,-5015.0,-595.94,0.0,0.0,SL_HIT,0.0,0.0,0.0,0,0.0,0.0,0.0,0.0,0,0.0,0.0,0,0,0,0,0.0,0,0.0,0.0,0,0.0,0.0,0.0,0.0,0.0,0.0,0.0,0.0,0.0,0,0,0.0,0,0,0.0,0.0,0,0.4,0.174,0.313,0.449,0.637,0.825,0,-0.58,4542.0,3343.0
7475,XAUGBPm,TREND_CONTINUATION,SELL,2022.07.06 14:36:40,2022.07.06 14:41:40,5,1469.938,1475.162,-5224.0,-621.09,0.0,0.0,SL_HIT,0.0,0.0,0.0,0,0.0,0.0,0.0,0.0,0,0.0,0.0,0,0,0,0,0.0,0,0.0,0.0,0,0.0,0.0,0.0,0.0,0.0,0.0,0.0,0.0,0.0,0,0,0.0,0,0,0.0,0.0,0,0.25,0.0,0.23,0.382,0.843,0.052,0,0.0,4542.0,4307.5
7474,XAUGBPm,BREAKOUT,SELL,2022.07.06 14:08:40,2022.07.06 15:09:40,61,1474.013,1463.244,10769.0,1281.67,0.0,0.0,TP_HIT,0.0,0.0,0.0,0,0.0,0.0,0.0,0.0,0,0.0,0.0,0,0,0,0,0.0,0,0.0,0.0,0,0.0,0.0,0.0,0.0,0.0,0.0,0.0,0.0,0.0,0,0,0.0,0,0,0.0,0.0,0,0.0,0.206,0.0,0.283,0.626,0.675,0,-0.685,4542.0,5151.4
7478,XAUGBPm,BREAKOUT,SELL,2022.07.06 16:08:40,2022.07.06 16:08:59,0,1453.486,1458.203,-4717.0,-561.39,0.0,0.0,SL_HIT,0.0,0.0,0.0,0,0.0,0.0,0.0,0.0,0,0.0,0.0,0,0,0,0,0.0,0,0.0,0.0,0,0.0,0.0,0.0,0.0,0.0,0.0,0.0,0.0,0.0,0,0,0.0,0,0,0.0,0.0,0,0.0,0.216,0.0,0.269,0.505,0.75,0,-0.72,4542.0,5537.6
7480,XAUGBPm,SWEEP_REVERSAL,BUY,2022.07.06 16:15:40,2022.07.06 16:18:59,3,1461.166,1457.861,-3305.0,-393.02,0.0,0.0,SL_HIT,0.0,0.0,0.0,0,0.0,0.0,0.0,0.0,0,0.0,0.0,0,0,0,0,0.0,0,0.0,0.0,0,0.0,0.0,0.0,0.0,0.0,0.0,0.0,0.0,0.0,0,0,0.0,0,0,0.0,0.0,0,0.0,0.216,0.0,0.084,0.505,0.75,0,-0.72,4542.0,5537.6
7484,XAUGBPm,MEAN_REVERSION,BUY,2022.07.06 18:13:40,2022.07.06 18:14:40,1,1458.237,1453.59,-4647.0,-554.39,0.0,0.0,SL_HIT,0.0,0.0,0.0,0,0.0,0.0,0.0,0.0,0,0.0,0.0,0,0,0,0,0.0,0,0.0,0.0,0,0.0,0.0,0.0,0.0,0.0,0.0,0.0,0.0,0.0,0,0,0.0,0,0,0.0,0.0,0,0.0,0.237,0.0,0.197,0.618,0.6,1,-0.79,4542.0,5808.2
7482,XAUGBPm,TREND_CONTINUATION,SELL,2022.07.06 16:36:40,2022.07.06 19:15:40,159,1455.151,1461.796,-6645.0,-792.9,0.0,0.0,SL_HIT,0.0,0.0,0.0,0,0.0,0.0,0.0,0.0,0,0.0,0.0,0,0,0,0,0.0,0,0.0,0.0,0,0.0,0.0,0.0,0.0,0.0,0.0,0.0,0.0,0.0,0,0,0.0,0,0,0.0,0.0,0,0.0,0.247,0.0,0.212,0.751,0.65,0,-0.825,4542.0,6001.7
7486,XAUGBPm,PULLBACK,SELL,2022.07.06 18:14:40,2022.07.06 19:15:40,61,1453.434,1462.146,-8712.0,-1039.54,0.0,0.0,SL_HIT,0.0,0.0,0.0,0,0.0,0.0,0.0,0.0,0,0.0,0.0,0,0,0,0,0.0,0,0.0,0.0,0,0.0,0.0,0.0,0.0,0.0,0.0,0.0,0.0,0.0,0,0,0.0,0,0,0.0,0.0,0,0.0,0.247,0.0,0.212,0.751,0.65,0,-0.825,4542.0,6001.7
7483,XAUGBPm,BREAKOUT,SELL,2022.07.06 18:08:40,2022.07.06 19:17:40,69,1454.246,1462.958,-8712.0,-1039.98,0.0,0.0,SL_HIT,0.0,0.0,0.0,0,0.0,0.0,0.0,0.0,0,0.0,0.0,0,0,0,0,0.0,0,0.0,0.0,0,0.0,0.0,0.0,0.0,0.0,0.0,0.0,0.0,0.0,0,0,0.0,0,0,0.0,0.0,0,0.0,0.247,0.0,0.207,0.751,0.65,0,-0.825,4542.0,6001.7
7487,XAUGBPm,TREND_CONTINUATION,SELL,2022.07.06 18:44:40,2022.07.06 19:18:40,34,1456.072,1463.042,-6970.0,-831.87,0.0,0.0,SL_HIT,0.0,0.0,0.0,0,0.0,0.0,0.0,0.0,0,0.0,0.0,0,0,0,0,0.0,0,0.0,0.0,0,0.0,0.0,0.0,0.0,0.0,0.0,0.0,0.0,0.0,0,0,0.0,0,0,0.0,0.0,0,0.0,0.247,0.0,0.212,0.751,0.65,0,-0.825,4542.0,6001.7
7492,XAUGBPm,MEAN_REVERSION,SELL,2022.07.06 22:09:40,2022.07.07 00:07:40,118,1457.841,1462.524,-4683.0,-557.89,0.0,0.0,SL_HIT,0.0,0.0,0.0,0,0.0,0.0,0.0,0.0,0,0.0,0.0,0,0,0,0,0.0,0,0.0,0.0,0,0.0,0.0,0.0,0.0,0.0,0.0,0.0,0.0,0.0,0,0,0.0,0,0,0.0,0.0,0,0.4,0.237,0.297,0.394,0.785,0.8,0,-0.79,4542.0,5564.5
7495,XAUGBPm,TREND_CONTINUATION,SELL,2022.07.06 22:35:00,2022.07.07 00:50:40,135,1456.406,1463.431,-7025.0,-837.75,0.0,0.0,SL_HIT,0.0,0.0,0.0,0,0.0,0.0,0.0,0.0,0,0.0,0.0,0,0,0,0,0.0,0,0.0,0.0,0,0.0,0.0,0.0,0.0,0.0,0.0,0.0,0.0,0.0,0,0,0.0,0,0,0.0,0.0,0,0.4,0.237,0.297,0.452,0.785,0.8,0,-0.79,4542.0,5564.5
7501,XAUGBPm,BREAKOUT,BUY,2022.07.07 03:01:40,2022.07.07 03:03:20,1,1462.005,1457.727,-4278.0,-511.05,0.0,0.0,SL_HIT,0.0,0.0,0.0,0,0.0,0.0,0.0,0.0,0,0.0,0.0,0,0,0,0,0.0,0,0.0,0.0,0,0.0,0.0,0.0,0.0,0.0,0.0,0.0,0.0,0.0,0,0,0.0,0,0,0.0,0.0,0,0.25,0.164,0.225,0.204,0.775,0.5,1,0.545,4542.0,5332.8
7500,XAUGBPm,TREND_CONTINUATION,SELL,2022.07.07 01:17:59,2022.07.07 03:16:40,118,1457.426,1463.918,-6492.0,-775.85,0.0,0.0,SL_HIT,0.0,0.0,0.0,0,0.0,0.0,0.0,0.0,0,0.0,0.0,0,0,0,0,0.0,0,0.0,0.0,0,0.0,0.0,0.0,0.0,0.0,0.0,0.0,0.0,0.0,0,0,0.0,0,0,0.0,0.0,0,0.25,0.164,0.225,0.372,0.775,0.5,0,0.545,4542.0,5332.8
7504,XAUGBPm,TREND_CONTINUATION,BUY,2022.07.07 03:17:59,2022.07.07 03:18:59,1,1463.435,1459.176,-4259.0,-509.02,0.0,0.0,SL_HIT,0.0,0.0,0.0,0,0.0,0.0,0.0,0.0,0,0.0,0.0,0,0,0,0,0.0,0,0.0,0.0,0,0.0,0.0,0.0,0.0,0.0,0.0,0.0,0.0,0.0,0,0,0.0,0,0,0.0,0.0,0,0.25,0.164,0.225,0.355,0.775,0.5,0,0.545,4542.0,5332.8
7506,XAUGBPm,BREAKOUT,BUY,2022.07.07 05:04:00,2022.07.07 05:06:20,2,1462.513,1457.902,-4611.0,-551.05,0.0,0.0,SL_HIT,0.0,0.0,0.0,0,0.0,0.0,0.0,0.0,0,0.0,0.0,0,0,0,0,0.0,0,0.0,0.0,0,0.0,0.0,0.0,0.0,0.0,0.0,0.0,0.0,0.0,0,0,0.0,0,0,0.0,0.0,0,0.15,0.237,0.053,0.141,0.636,0.6,1,0.79,4542.0,4414.7
7508,XAUGBPm,PULLBACK,BUY,2022.07.07 05:18:40,2022.07.07 05:19:40,1,1462.66,1458.063,-4597.0,-549.9,0.0,0.0,SL_HIT,0.0,0.0,0.0,0,0.0,0.0,0.0,0.0,0,0.0,0.0,0,0,0,0,0.0,0,0.0,0.0,0,0.0,0.0,0.0,0.0,0.0,0.0,0.0,0.0,0.0,0,0,0.0,0,0,0.0,0.0,0,0.15,0.237,0.053,0.141,0.636,0.6,1,0.79,4542.0,4414.7
7509,XAUGBPm,TREND_CONTINUATION,BUY,2022.07.07 05:18:59,2022.07.07 05:19:40,0,1462.764,1458.026,-4738.0,-566.76,0.0,0.0,SL_HIT,0.0,0.0,0.0,0,0.0,0.0,0.0,0.0,0,0.0,0.0,0,0,0,0,0.0,0,0.0,0.0,0,0.0,0.0,0.0,0.0,0.0,0.0,0.0,0.0,0.0,0,0,0.0,0,0,0.0,0.0,0,0.15,0.237,0.053,0.141,0.636,0.6,1,0.79,4542.0,4414.7
7512,XAUGBPm,PULLBACK,BUY,2022.07.07 07:46:20,2022.07.07 07:46:40,0,1463.096,1458.438,-4658.0,-556.02,0.0,0.0,SL_HIT,0.0,0.0,0.0,0,0.0,0.0,0.0,0.0,0,0.0,0.0,0,0,0,0,0.0,0,0.0,0.0,0,0.0,0.0,0.0,0.0,0.0,0.0,0.0,0.0,0.0,0,0,0.0,0,0,0.0,0.0,0,0.15,0.258,0.053,0.223,0.635,1.0,1,0.86,4542.0,3235.2
7514,XAUGBPm,BREAKOUT,SELL,2022.07.07 11:04:00,2022.07.07 11:06:40,2,1452.938,1458.304,-5366.0,-642.85,0.0,0.0,SL_HIT,0.0,0.0,0.0,0,0.0,0.0,0.0,0.0,0,0.0,0.0,0,0,0,0,0.0,0,0.0,0.0,0,0.0,0.0,0.0,0.0,0.0,0.0,0.0,0.0,0.0,0,0,0.0,0,0,0.0,0.0,0,0.25,0.174,0.25,0.117,0.677,0.825,1,-0.58,4542.0,3577.0
7516,XAUGBPm,TREND_CONTINUATION,SELL,2022.07.07 14:00:00,2022.07.07 14:00:40,0,1453.326,1458.43,-5104.0,-612.71,0.0,0.0,SL_HIT,0.0,0.0,0.0,0,0.0,0.0,0.0,0.0,0,0.0,0.0,0,0,0,0,0.0,0,0.0,0.0,0,0.0,0.0,0.0,0.0,0.0,0.0,0.0,0.0,0.0,0,0,0.0,0,0,0.0,0.0,0,0.25,0.206,0.088,0.184,0.645,0.7,1,-0.685,4542.0,4253.4
7518,XAUGBPm,TREND_CONTINUATION,SELL,2022.07.07 16:00:00,2022.07.07 16:56:40,56,1448.365,1453.68,-5315.0,-638.12,0.0,0.0,SL_HIT,0.0,0.0,0.0,0,0.0,0.0,0.0,0.0,0,0.0,0.0,0,0,0,0,0.0,0,0.0,0.0,0,0.0,0.0,0.0,0.0,0.0,0.0,0.0,0.0,0.0,0,0,0.0,0,0,0.0,0.0,0,0.15,0.279,0.053,0.283,0.628,1.0,0,-0.93,4542.0,4428.9
7523,XAUGBPm,TREND_CONTINUATION,SELL,2022.07.07 20:00:00,2022.07.07 20:14:00,14,1445.268,1450.541,-5273.0,-633.83,0.0,0.0,SL_HIT,0.0,0.0,0.0,0,0.0,0.0,0.0,0.0,0,0.0,0.0,0,0,0,0,0.0,0,0.0,0.0,0,0.0,0.0,0.0,0.0,0.0,0.0,0.0,0.0,0.0,0,0,0.0,0,0,0.0,0.0,0,0.15,0.3,0.053,0.145,0.55,1.0,1,-1.0,4542.0,4394.2
7525,XAUGBPm,BREAKOUT,SELL,2022.07.07 23:05:00,2022.07.07 23:43:40,38,1444.311,1450.307,-5996.0,-721.04,0.0,0.0,SL_HIT,0.0,0.0,0.0,0,0.0,0.0,0.0,0.0,0,0.0,0.0,0,0,0,0,0.0,0,0.0,0.0,0,0.0,0.0,0.0,0.0,0.0,0.0,0.0,0.0,0.0,0,0,0.0,0,0,0.0,0.0,0,0.15,0.3,0.191,0.216,0.768,1.0,1,-1.0,4542.0,3997.6
7527,XAUGBPm,PULLBACK,SELL,2022.07.07 23:56:00,2022.07.08 00:25:40,29,1445.594,1451.59,-5996.0,-721.26,0.0,0.0,SL_HIT,0.0,0.0,0.0,0,0.0,0.0,0.0,0.0,0,0.0,0.0,0,0,0,0,0.0,0,0.0,0.0,0,0.0,0.0,0.0,0.0,0.0,0.0,0.0,0.0,0.0,0,0,0.0,0,0,0.0,0.0,0,0.15,0.3,0.203,0.319,0.744,0.8,0,-1.0,4542.0,3590.6
7522,XAUGBPm,TREND_CONTINUATION,SELL,2022.07.07 18:00:00,2022.07.08 00:27:20,387,1446.688,1451.936,-5248.0,-631.22,0.0,0.0,SL_HIT,0.0,0.0,0.0,0,0.0,0.0,0.0,0.0,0,0.0,0.0,0,0,0,0,0.0,0,0.0,0.0,0,0.0,0.0,0.0,0.0,0.0,0.0,0.0,0.0,0.0,0,0,0.0,0,0,0.0,0.0,0,0.15,0.3,0.203,0.319,0.744,0.8,0,-1.0,4542.0,3590.6
7530,XAUGBPm,BREAKOUT,SELL,2022.07.08 01:51:40,2022.07.08 01:57:40,6,1445.148,1450.27,-5122.0,-616.65,0.0,0.0,SL_HIT,0.0,0.0,0.0,0,0.0,0.0,0.0,0.0,0,0.0,0.0,0,0,0,0,0.0,0,0.0,0.0,0,0.0,0.0,0.0,0.0,0.0,0.0,0.0,0.0,0.0,0,0,0.0,0,0,0.0,0.0,0,0.25,0.247,0.088,0.182,0.629,0.8,1,-0.825,4542.0,3414.9
7531,XAUGBPm,PULLBACK,SELL,2022.07.08 01:56:40,2022.07.08 01:57:40,1,1445.165,1450.287,-5122.0,-616.65,0.0,0.0,SL_HIT,0.0,0.0,0.0,0,0.0,0.0,0.0,0.0,0,0.0,0.0,0,0,0,0,0.0,0,0.0,0.0,0,0.0,0.0,0.0,0.0,0.0,0.0,0.0,0.0,0.0,0,0,0.0,0,0,0.0,0.0,0,0.25,0.247,0.088,0.182,0.629,0.8,1,-0.825,4542.0,3414.9
7521,XAUGBPm,PULLBACK,SELL,2022.07.07 17:56:00,2022.07.08 05:36:40,700,1447.322,1453.889,-6567.0,-788.32,0.0,0.0,SL_HIT,0.0,0.0,0.0,0,0.0,0.0,0.0,0.0,0,0.0,0.0,0,0,0,0,0.0,0,0.0,0.0,0,0.0,0.0,0.0,0.0,0.0,0.0,0.0,0.0,0.0,0,0,0.0,0,0,0.0,0.0,0,0.15,0.129,0.131,0.341,0.822,0.291,0,0.4293,4542.0,2684.8
7520,XAUGBPm,BREAKOUT,SELL,2022.07.07 17:04:00,2022.07.08 05:53:40,769,1448.029,1454.596,-6567.0,-788.26,0.0,0.0,SL_HIT,0.0,0.0,0.0,0,0.0,0.0,0.0,0.0,0,0.0,0.0,0,0,0,0,0.0,0,0.0,0.0,0,0.0,0.0,0.0,0.0,0.0,0.0,0.0,0.0,0.0,0,0,0.0,0,0,0.0,0.0,0,0.15,0.129,0.131,0.341,0.822,0.291,0,0.4293,4542.0,2684.8
7536,XAUGBPm,PULLBACK,BUY,2022.07.08 13:00:30,2022.07.08 13:00:40,0,1453.428,1448.208,-5220.0,-625.99,0.0,0.0,SL_HIT,0.0,0.0,0.0,0,0.0,0.0,0.0,0.0,0,0.0,0.0,0,0,0,0,0.0,0,0.0,0.0,0,0.0,0.0,0.0,0.0,0.0,0.0,0.0,0.0,0.0,0,0,0.0,0,0,0.0,0.0,0,0.25,0.237,0.236,0.358,0.672,0.8,0,0.79,4542.0,3480.3
7540,XAUGBPm,TREND_CONTINUATION,SELL,2022.07.08 16:01:00,2022.07.08 16:05:20,4,1445.27,1450.43,-5160.0,-620.85,0.0,0.0,SL_HIT,0.0,0.0,0.0,0,0.0,0.0,0.0,0.0,0,0.0,0.0,0,0,0,0,0.0,0,0.0,0.0,0,0.0,0.0,0.0,0.0,0.0,0.0,0.0,0.0,0.0,0,0,0.0,0,0,0.0,0.0,0,0.0,0.216,0.179,0.232,0.801,0.75,0,-0.72,4542.0,4299.7
7543,XAUGBPm,TREND_CONTINUATION,SELL,2022.07.08 20:09:40,2022.07.08 20:14:40,5,1445.653,1450.685,-5032.0,-605.33,0.0,0.0,SL_HIT,0.0,0.0,0.0,0,0.0,0.0,0.0,0.0,0,0.0,0.0,0,0,0,0,0.0,0,0.0,0.0,0,0.0,0.0,0.0,0.0,0.0,0.0,0.0,0.0,0.0,0,0,0.0,0,0,0.0,0.0,0,0.15,0.258,0.189,0.174,0.742,1.0,1,-0.86,4542.0,4193.6
7545,XAUGBPm,NAKED_POC,BUY,2022.07.10 22:05:40,2022.07.10 22:09:40,4,1449.785,1445.707,-4078.0,-490.89,0.0,0.0,SL_HIT,0.0,0.0,0.0,0,0.0,0.0,0.0,0.0,0,0.0,0.0,0,0,0,0,0.0,0,0.0,0.0,0,0.0,0.0,0.0,0.0,0.0,0.0,0.0,0.0,0.0,0,0,0.0,0,0,0.0,0.0,0,0.15,0.269,0.053,0.13,0.615,1.0,0,-0.895,4542.0,4138.3
7548,XAUGBPm,TREND_CONTINUATION,SELL,2022.07.10 23:47:59,2022.07.10 23:51:00,3,1446.644,1451.563,-4919.0,-591.42,0.0,0.0,SL_HIT,0.0,0.0,0.0,0,0.0,0.0,0.0,0.0,0,0.0,0.0,0,0,0,0,0.0,0,0.0,0.0,0,0.0,0.0,0.0,0.0,0.0,0.0,0.0,0.0,0.0,0,0,0.0,0,0,0.0,0.0,0,0.15,0.279,0.205,0.139,0.598,0.8,1,-0.93,4542.0,4099.3
7547,XAUGBPm,BREAKOUT,SELL,2022.07.10 23:47:40,2022.07.11 00:50:40,63,1446.558,1452.707,-6149.0,-738.55,0.0,0.0,SL_HIT,0.0,0.0,0.0,0,0.0,0.0,0.0,0.0,0,0.0,0.0,0,0,0,0,0.0,0,0.0,0.0,0,0.0,0.0,0.0,0.0,0.0,0.0,0.0,0.0,0.0,0,0,0.0,0,0,0.0,0.0,0,0.4,0.237,0.14,0.423,0.69,0.8,0,-0.79,4542.0,3843.2
7542,XAUGBPm,TREND_CONTINUATION,SELL,2022.07.08 18:09:40,2022.07.11 00:51:40,3282,1447.914,1453.031,-5117.0,-614.43,0.0,0.0,SL_HIT,0.0,0.0,0.0,0,0.0,0.0,0.0,0.0,0,0.0,0.0,0,0,0,0,0.0,0,0.0,0.0,0,0.0,0.0,0.0,0.0,0.0,0.0,0.0,0.0,0.0,0,0,0.0,0,0,0.0,0.0,0,0.4,0.237,0.14,0.423,0.69,0.8,0,-0.79,4542.0,3843.2
7538,XAUGBPm,BREAKOUT,SELL,2022.07.08 15:05:40,2022.07.11 02:01:40,3536,1449.061,1455.064,-6003.0,-719.48,0.0,0.0,SL_HIT,0.0,0.0,0.0,0,0.0,0.0,0.0,0.0,0,0.0,0.0,0,0,0,0,0.0,0,0.0,0.0,0,0.0,0.0,0.0,0.0,0.0,0.0,0.0,0.0,0.0,0,0,0.0,0,0,0.0,0.0,0,0.25,0.171,0.307,0.375,0.805,0.818,0,-0.5703,4542.0,3611.7
7539,XAUGBPm,PULLBACK,SELL,2022.07.08 15:10:00,2022.07.11 02:01:40,3531,1449.095,1455.098,-6003.0,-719.48,0.0,0.0,SL_HIT,0.0,0.0,0.0,0,0.0,0.0,0.0,0.0,0,0.0,0.0,0,0,0,0,0.0,0,0.0,0.0,0,0.0,0.0,0.0,0.0,0.0,0.0,0.0,0.0,0.0,0,0,0.0,0,0,0.0,0.0,0,0.25,0.171,0.307,0.375,0.805,0.818,0,-0.5703,4542.0,3611.7
7554,XAUGBPm,NAKED_POC,SELL,2022.07.11 02:05:40,2022.07.11 02:08:40,3,1450.664,1455.54,-4876.0,-584.4,0.0,0.0,SL_HIT,0.0,0.0,0.0,0,0.0,0.0,0.0,0.0,0,0.0,0.0,0,0,0,0,0.0,0,0.0,0.0,0,0.0,0.0,0.0,0.0,0.0,0.0,0.0,0.0,0.0,0,0,0.0,0,0,0.0,0.0,0,0.25,0.171,0.307,0.375,0.805,0.818,0,-0.5703,4542.0,3611.7
7493,XAUGBPm,BREAKOUT,SELL,2022.07.06 22:34:40,2022.07.11 13:38:20,6663,1456.404,1465.185,-8781.0,-1043.74,0.0,0.0,SL_HIT,0.0,0.0,0.0,0,0.0,0.0,0.0,0.0,0,0.0,0.0,0,0,0,0,0.0,0,0.0,0.0,0,0.0,0.0,0.0,0.0,0.0,0.0,0.0,0.0,0.0,0,0,0.0,0,0,0.0,0.0,0,0.25,0.164,0.088,0.365,0.744,0.75,0,-0.545,4542.0,2676.5
7494,XAUGBPm,PULLBACK,SELL,2022.07.06 22:34:59,2022.07.11 13:38:20,6663,1456.411,1465.192,-8781.0,-1043.74,0.0,0.0,SL_HIT,0.0,0.0,0.0,0,0.0,0.0,0.0,0.0,0,0.0,0.0,0,0,0,0,0.0,0,0.0,0.0,0,0.0,0.0,0.0,0.0,0.0,0.0,0.0,0.0,0.0,0,0,0.0,0,0,0.0,0.0,0,0.25,0.164,0.088,0.365,0.744,0.75,0,-0.545,4542.0,2676.5
7498,XAUGBPm,BREAKOUT,SELL,2022.07.07 01:01:40,2022.07.11 13:50:40,6529,1457.476,1465.591,-8115.0,-964.22,0.0,0.0,SL_HIT,0.0,0.0,0.0,0,0.0,0.0,0.0,0.0,0,0.0,0.0,0,0,0,0,0.0,0,0.0,0.0,0,0.0,0.0,0.0,0.0,0.0,0.0,0.0,0.0,0.0,0,0,0.0,0,0,0.0,0.0,0,0.25,0.164,0.088,0.365,0.744,0.75,0,-0.545,4542.0,2676.5
7499,XAUGBPm,PULLBACK,SELL,2022.07.07 01:17:40,2022.07.11 13:50:40,6513,1457.419,1465.534,-8115.0,-964.22,0.0,0.0,SL_HIT,0.0,0.0,0.0,0,0.0,0.0,0.0,0.0,0,0.0,0.0,0,0,0,0,0.0,0,0.0,0.0,0,0.0,0.0,0.0,0.0,0.0,0.0,0.0,0.0,0.0,0,0,0.0,0,0,0.0,0.0,0,0.25,0.164,0.088,0.365,0.744,0.75,0,-0.545,4542.0,2676.5
7560,XAUGBPm,PULLBACK,BUY,2022.07.11 17:00:00,2022.07.11 17:01:59,1,1462.359,1458.046,-4313.0,-512.51,0.0,0.0,SL_HIT,0.0,0.0,0.0,0,0.0,0.0,0.0,0.0,0,0.0,0.0,0,0,0,0,0.0,0,0.0,0.0,0,0.0,0.0,0.0,0.0,0.0,0.0,0.0,0.0,0.0,0,0,0.0,0,0,0.0,0.0,0,0.25,0.185,0.246,0.213,0.663,0.6,1,0.615,4542.0,3517.1
7561,XAUGBPm,BREAKOUT,BUY,2022.07.11 17:00:40,2022.07.11 17:01:59,1,1462.443,1458.046,-4397.0,-522.5,0.0,0.0,SL_HIT,0.0,0.0,0.0,0,0.0,0.0,0.0,0.0,0,0.0,0.0,0,0,0,0,0.0,0,0.0,0.0,0,0.0,0.0,0.0,0.0,0.0,0.0,0.0,0.0,0.0,0,0,0.0,0,0,0.0,0.0,0,0.25,0.185,0.246,0.213,0.663,0.6,1,0.615,4542.0,3517.1
7564,XAUGBPm,BREAKOUT,SELL,2022.07.11 19:44:40,2022.07.11 20:32:40,48,1454.342,1459.853,-5511.0,-655.47,0.0,0.0,SL_HIT,0.0,0.0,0.0,0,0.0,0.0,0.0,0.0,0,0.0,0.0,0,0,0,0,0.0,0,0.0,0.0,0,0.0,0.0,0.0,0.0,0.0,0.0,0.0,0.0,0.0,0,0,0.0,0,0,0.0,0.0,0,0.15,0.269,0.134,0.06,0.691,1.0,1,0.895,4542.0,3758.7
7566,XAUGBPm,PULLBACK,BUY,2022.07.11 20:39:40,2022.07.11 20:40:40,1,1460.191,1455.602,-4589.0,-545.73,0.0,0.0,SL_HIT,0.0,0.0,0.0,0,0.0,0.0,0.0,0.0,0,0.0,0.0,0,0,0,0,0.0,0,0.0,0.0,0,0.0,0.0,0.0,0.0,0.0,0.0,0.0,0.0,0.0,0,0,0.0,0,0,0.0,0.0,0,0.15,0.269,0.134,0.06,0.691,1.0,1,0.895,4542.0,3758.7
7568,XAUGBPm,PULLBACK,BUY,2022.07.11 22:39:40,2022.07.11 22:43:00,3,1460.115,1455.53,-4585.0,-545.48,0.0,0.0,SL_HIT,0.0,0.0,0.0,0,0.0,0.0,0.0,0.0,0,0.0,0.0,0,0,0,0,0.0,0,0.0,0.0,0,0.0,0.0,0.0,0.0,0.0,0.0,0.0,0.0,0.0,0,0,0.0,0,0,0.0,0.0,0,0.25,0.226,0.088,0.107,0.672,0.8,1,0.755,4542.0,3762.6
7572,XAUGBPm,NAKED_POC,SELL,2022.07.12 02:00:00,2022.07.12 02:14:40,14,1457.448,1463.435,-5987.0,-711.45,0.0,0.0,SL_HIT,0.0,0.0,0.0,0,0.0,0.0,0.0,0.0,0,0.0,0.0,0,0,0,0,0.0,0,0.0,0.0,0,0.0,0.0,0.0,0.0,0.0,0.0,0.0,0.0,0.0,0,0,0.0,0,0,0.0,0.0,0,0.25,0.174,0.238,0.397,0.728,0.825,0,-0.58,4542.0,4434.9
7576,XAUGBPm,TREND_CONTINUATION,SELL,2022.07.12 03:48:00,2022.07.12 06:34:40,166,1456.624,1461.923,-5299.0,-628.82,0.0,0.0,SL_HIT,0.0,0.0,0.0,0,0.0,0.0,0.0,0.0,0,0.0,0.0,0,0,0,0,0.0,0,0.0,0.0,0,0.0,0.0,0.0,0.0,0.0,0.0,0.0,0.0,0.0,0,0,0.0,0,0,0.0,0.0,0,0.25,0.174,0.088,0.217,0.602,0.55,1,0.58,4542.0,3587.0
7574,XAUGBPm,BREAKOUT,SELL,2022.07.12 03:47:40,2022.07.12 06:38:40,171,1456.644,1463.268,-6624.0,-786.1,0.0,0.0,SL_HIT,0.0,0.0,0.0,0,0.0,0.0,0.0,0.0,0,0.0,0.0,0,0,0,0,0.0,0,0.0,0.0,0,0.0,0.0,0.0,0.0,0.0,0.0,0.0,0.0,0.0,0,0,0.0,0,0,0.0,0.0,0,0.25,0.174,0.088,0.35,0.602,0.55,0,0.58,4542.0,3587.0
7575,XAUGBPm,PULLBACK,SELL,2022.07.12 03:47:59,2022.07.12 06:38:40,170,1456.65,1463.274,-6624.0,-786.1,0.0,0.0,SL_HIT,0.0,0.0,0.0,0,0.0,0.0,0.0,0.0,0,0.0,0.0,0,0,0,0,0.0,0,0.0,0.0,0,0.0,0.0,0.0,0.0,0.0,0.0,0.0,0.0,0.0,0,0,0.0,0,0,0.0,0.0,0,0.25,0.174,0.088,0.35,0.602,0.55,0,0.58,4542.0,3587.0
7580,XAUGBPm,BREAKOUT,BUY,2022.07.12 07:47:40,2022.07.12 07:48:40,1,1466.973,1462.658,-4315.0,-511.03,0.0,0.0,SL_HIT,0.0,0.0,0.0,0,0.0,0.0,0.0,0.0,0,0.0,0.0,0,0,0,0,0.0,0,0.0,0.0,0,0.0,0.0,0.0,0.0,0.0,0.0,0.0,0.0,0.0,0,0,0.0,0,0,0.0,0.0,0,0.4,0.168,0.218,0.405,0.609,0.815,0,0.5586,4542.0,3624.5
7582,XAUGBPm,PULLBACK,BUY,2022.07.12 08:03:40,2022.07.12 08:06:40,3,1467.399,1463.358,-4041.0,-477.94,0.0,0.0,SL_HIT,0.0,0.0,0.0,0,0.0,0.0,0.0,0.0,0,0.0,0.0,0,0,0,0,0.0,0,0.0,0.0,0,0.0,0.0,0.0,0.0,0.0,0.0,0.0,0.0,0.0,0,0,0.0,0,0,0.0,0.0,4,0.0,0.247,0.0,0.162,0.574,0.975,0,0.825,4542.0,3878.2
7584,XAUGBPm,TREND_CONTINUATION,BUY,2022.07.12 08:34:40,2022.07.12 08:35:40,1,1470.057,1465.403,-4654.0,-550.81,0.0,0.0,SL_HIT,0.0,0.0,0.0,0,0.0,0.0,0.0,0.0,0,0.0,0.0,0,0,0,0,0.0,0,0.0,0.0,0,0.0,0.0,0.0,0.0,0.0,0.0,0.0,0.0,0.0,0,0,0.0,0,0,0.0,0.0,4,0.0,0.247,0.0,0.283,0.574,0.975,0,0.825,4542.0,3878.2
7586,XAUGBPm,BREAKOUT,BUY,2022.07.12 09:47:40,2022.07.12 09:48:40,1,1469.777,1465.062,-4715.0,-557.56,0.0,0.0,SL_HIT,0.0,0.0,0.0,0,0.0,0.0,0.0,0.0,0,0.0,0.0,0,0,0,0,0.0,0,0.0,0.0,0,0.0,0.0,0.0,0.0,0.0,0.0,0.0,0.0,0.0,0,0,0.0,0,0,0.0,0.0,0,0.0,0.258,0.0,0.166,0.441,1.0,0,0.86,4542.0,3899.1
7588,XAUGBPm,TREND_CONTINUATION,BUY,2022.07.12 10:36:40,2022.07.12 10:37:40,1,1466.845,1462.182,-4663.0,-551.66,0.0,0.0,SL_HIT,0.0,0.0,0.0,0,0.0,0.0,0.0,0.0,0,0.0,0.0,0,0,0,0,0.0,0,0.0,0.0,0,0.0,0.0,0.0,0.0,0.0,0.0,0.0,0.0,0.0,0,0,0.0,0,0,0.0,0.0,0,0.0,0.269,0.0,0.192,0.575,1.0,1,0.895,4542.0,3992.5
7590,XAUGBPm,BREAKOUT,SELL,2022.07.12 11:47:40,2022.07.12 11:56:40,9,1461.546,1467.64,-6094.0,-721.79,0.0,0.0,SL_HIT,0.0,0.0,0.0,0,0.0,0.0,0.0,0.0,0,0.0,0.0,0,0,0,0,0.0,0,0.0,0.0,0,0.0,0.0,0.0,0.0,0.0,0.0,0.0,0.0,0.0,0,0,0.0,0,0,0.0,0.0,0,0.25,0.226,0.206,0.107,0.646,0.8,1,0.755,4542.0,4062.4
7592,XAUGBPm,SWEEP_REVERSAL,BUY,2022.07.12 13:14:20,2022.07.12 13:14:40,0,1461.576,1456.952,-4624.0,-548.9,0.0,0.0,SL_HIT,0.0,0.0,0.0,0,0.0,0.0,0.0,0.0,0,0.0,0.0,0,0,0,0,0.0,0,0.0,0.0,0,0.0,0.0,0.0,0.0,0.0,0.0,0.0,0.0,0.0,0,0,0.0,0,0,0.0,0.0,0,0.15,0.3,0.2,0.353,0.58,1.0,0,1.0,4542.0,4623.6
7594,XAUGBPm,TREND_CONTINUATION,BUY,2022.07.12 13:17:00,2022.07.12 13:17:40,0,1460.183,1455.475,-4708.0,-558.78,0.0,0.0,SL_HIT,0.0,0.0,0.0,0,0.0,0.0,0.0,0.0,0,0.0,0.0,0,0,0,0,0.0,0,0.0,0.0,0,0.0,0.0,0.0,0.0,0.0,0.0,0.0,0.0,0.0,0,0,0.0,0,0,0.0,0.0,0,0.15,0.3,0.2,0.353,0.58,1.0,0,1.0,4542.0,4623.6
7596,XAUGBPm,BREAKOUT,BUY,2022.07.12 13:47:40,2022.07.12 13:48:00,0,1457.227,1452.38,-4847.0,-575.73,0.0,0.0,SL_HIT,0.0,0.0,0.0,0,0.0,0.0,0.0,0.0,0,0.0,0.0,0,0,0,0,0.0,0,0.0,0.0,0,0.0,0.0,0.0,0.0,0.0,0.0,0.0,0.0,0.0,0,0,0.0,0,0,0.0,0.0,0,0.15,0.3,0.2,0.353,0.58,1.0,0,1.0,4542.0,4623.6
7599,XAUGBPm,TREND_CONTINUATION,BUY,2022.07.12 15:17:40,2022.07.12 15:18:40,1,1458.591,1454.342,-4249.0,-505.37,0.0,0.0,SL_HIT,0.0,0.0,0.0,0,0.0,0.0,0.0,0.0,0,0.0,0.0,0,0,0,0,0.0,0,0.0,0.0,0,0.0,0.0,0.0,0.0,0.0,0.0,0.0,0.0,0.0,0,0,0.0,0,0,0.0,0.0,0,0.25,0.247,0.088,0.21,0.558,1.0,0,0.825,4542.0,5182.0
7600,XAUGBPm,SWEEP_REVERSAL,BUY,2022.07.12 15:17:59,2022.07.12 15:18:40,0,1458.526,1454.342,-4184.0,-497.64,0.0,0.0,SL_HIT,0.0,0.0,0.0,0,0.0,0.0,0.0,0.0,0,0.0,0.0,0,0,0,0,0.0,0,0.0,0.0,0,0.0,0.0,0.0,0.0,0.0,0.0,0.0,0.0,0.0,0,0,0.0,0,0,0.0,0.0,0,0.25,0.247,0.088,0.21,0.558,1.0,0,0.825,4542.0,5182.0
7605,XAUGBPm,TREND_CONTINUATION,SELL,2022.07.12 18:58:59,2022.07.13 01:13:40,374,1450.691,1455.83,-5139.0,-610.7,0.0,0.0,SL_HIT,0.0,0.0,0.0,0,0.0,0.0,0.0,0.0,0,0.0,0.0,0,0,0,0,0.0,0,0.0,0.0,0,0.0,0.0,0.0,0.0,0.0,0.0,0.0,0.0,0.0,0,0,0.0,0,0,0.0,0.0,0,0.4,0.237,0.14,0.438,0.785,0.8,0,-0.79,4542.0,3384.1
7607,XAUGBPm,NAKED_POC,SELL,2022.07.13 02:26:59,2022.07.13 02:27:00,0,1450.953,1455.544,-4591.0,-545.44,0.0,0.0,SL_HIT,0.0,0.0,0.0,0,0.0,0.0,0.0,0.0,0,0.0,0.0,0,0,0,0,0.0,0,0.0,0.0,0,0.0,0.0,0.0,0.0,0.0,0.0,0.0,0.0,0.0,0,0,0.0,0,0,0.0,0.0,0,0.15,0.3,0.053,0.328,0.616,1.0,0,-1.0,4542.0,3400.7
7598,XAUGBPm,NAKED_POC,SELL,2022.07.12 14:26:40,2022.07.13 12:42:20,1335,1454.758,1445.535,9223.0,1091.96,0.0,0.0,TP_HIT,0.0,0.0,0.0,0,0.0,0.0,0.0,0.0,0,0.0,0.0,0,0,0,0,0.0,0,0.0,0.0,0,0.0,0.0,0.0,0.0,0.0,0.0,0.0,0.0,0.0,0,0,0.0,0,0,0.0,0.0,0,0.4,0.058,0.243,0.444,0.763,0.198,0,0.1919,4542.0,3039.9
7603,XAUGBPm,BREAKOUT,SELL,2022.07.12 15:47:40,2022.07.13 12:42:20,1254,1453.784,1445.535,8249.0,976.64,0.0,0.0,TP_HIT,0.0,0.0,0.0,0,0.0,0.0,0.0,0.0,0,0.0,0.0,0,0,0,0,0.0,0,0.0,0.0,0,0.0,0.0,0.0,0.0,0.0,0.0,0.0,0.0,0.0,0,0,0.0,0,0,0.0,0.0,0,0.4,0.058,0.243,0.444,0.763,0.198,0,0.1919,4542.0,3039.9
7604,XAUGBPm,PULLBACK,SELL,2022.07.12 16:04:00,2022.07.13 12:42:20,1238,1452.789,1445.535,7254.0,858.84,0.0,0.0,TP_HIT,0.0,0.0,0.0,0,0.0,0.0,0.0,0.0,0,0.0,0.0,0,0,0,0,0.0,0,0.0,0.0,0,0.0,0.0,0.0,0.0,0.0,0.0,0.0,0.0,0.0,0,0,0.0,0,0,0.0,0.0,0,0.4,0.058,0.243,0.444,0.763,0.198,0,0.1919,4542.0,3039.9
7612,XAUGBPm,BREAKOUT,SELL,2022.07.13 13:01:40,2022.07.13 13:04:40,3,1441.969,1448.732,-6763.0,-802.39,0.0,0.0,SL_HIT,0.0,0.0,0.0,0,0.0,0.0,0.0,0.0,0,0.0,0.0,0,0,0,0,0.0,0,0.0,0.0,0,0.0,0.0,0.0,0.0,0.0,0.0,0.0,0.0,0.0,0,0,0.0,0,0,0.0,0.0,0,0.0,0.216,0.0,0.283,0.674,0.75,0,0.72,4542.0,3731.9
7614,XAUGBPm,ANCHORED_PULLBACK,BUY,2022.07.13 15:00:00,2022.07.13 15:00:59,0,1460.755,1457.036,-3719.0,-444.26,0.0,0.0,SL_HIT,0.0,0.0,0.0,0,0.0,0.0,0.0,0.0,0,0.0,0.0,0,0,0,0,0.0,0,0.0,0.0,0,0.0,0.0,0.0,0.0,0.0,0.0,0.0,0.0,0.0,0,0,0.0,0,0,0.0,0.0,0,0.15,0.237,0.141,0.342,0.715,0.9,0,0.79,4542.0,4945.4
7616,XAUGBPm,BREAKOUT,BUY,2022.07.13 15:01:40,2022.07.13 15:02:00,0,1461.307,1456.544,-4763.0,-569.02,0.0,0.0,SL_HIT,0.0,0.0,0.0,0,0.0,0.0,0.0,0.0,0,0.0,0.0,0,0,0,0,0.0,0,0.0,0.0,0,0.0,0.0,0.0,0.0,0.0,0.0,0.0,0.0,0.0,0,0,0.0,0,0,0.0,0.0,0,0.15,0.237,0.141,0.342,0.715,0.9,0,0.79,4542.0,4945.4
7618,XAUGBPm,PULLBACK,BUY,2022.07.13 15:13:40,2022.07.13 15:14:40,1,1463.4,1458.521,-4879.0,-582.99,0.0,0.0,SL_HIT,0.0,0.0,0.0,0,0.0,0.0,0.0,0.0,0,0.0,0.0,0,0,0,0,0.0,0,0.0,0.0,0,0.0,0.0,0.0,0.0,0.0,0.0,0.0,0.0,0.0,0,0,0.0,0,0,0.0,0.0,0,0.15,0.237,0.141,0.342,0.715,0.9,0,0.79,4542.0,4945.4
7620,XAUGBPm,TREND_CONTINUATION,BUY,2022.07.13 15:38:40,2022.07.13 15:39:00,0,1461.532,1456.812,-4720.0,-562.47,0.0,0.0,SL_HIT,0.0,0.0,0.0,0,0.0,0.0,0.0,0.0,0,0.0,0.0,0,0,0,0,0.0,0,0.0,0.0,0,0.0,0.0,0.0,0.0,0.0,0.0,0.0,0.0,0.0,0,0,0.0,0,0,0.0,0.0,0,0.15,0.237,0.141,0.342,0.715,0.9,0,0.79,4542.0,4945.4
7622,XAUGBPm,SWEEP_REVERSAL,SELL,2022.07.13 15:52:40,2022.07.13 15:53:40,1,1456.753,1461.698,-4945.0,-589.06,0.0,0.0,SL_HIT,0.0,0.0,0.0,0,0.0,0.0,0.0,0.0,0,0.0,0.0,0,0,0,0,0.0,0,0.0,0.0,0,0.0,0.0,0.0,0.0,0.0,0.0,0.0,0.0,0.0,0,0,0.0,0,0,0.0,0.0,0,0.15,0.237,0.141,0.342,0.715,0.9,0,0.79,4542.0,4945.4
7624,XAUGBPm,TREND_CONTINUATION,BUY,2022.07.13 17:39:40,2022.07.13 17:50:40,11,1460.563,1455.822,-4741.0,-565.34,0.0,0.0,SL_HIT,0.0,0.0,0.0,0,0.0,0.0,0.0,0.0,0,0.0,0.0,0,0,0,0,0.0,0,0.0,0.0,0,0.0,0.0,0.0,0.0,0.0,0.0,0.0,0.0,0.0,0,0,0.0,0,0,0.0,0.0,0,0.0,0.258,0.0,0.046,0.554,0.7,1,0.86,4542.0,4859.4
7626,XAUGBPm,PULLBACK,BUY,2022.07.13 17:57:00,2022.07.13 17:58:40,1,1461.796,1457.098,-4698.0,-560.18,0.0,0.0,SL_HIT,0.0,0.0,0.0,0,0.0,0.0,0.0,0.0,0,0.0,0.0,0,0,0,0,0.0,0,0.0,0.0,0,0.0,0.0,0.0,0.0,0.0,0.0,0.0,0.0,0.0,0,0,0.0,0,0,0.0,0.0,0,0.0,0.258,0.0,0.0,0.554,0.7,1,0.86,4542.0,4859.4
7630,XAUGBPm,TREND_CONTINUATION,BUY,2022.07.13 22:01:20,2022.07.13 22:01:40,0,1462.115,1457.396,-4719.0,-561.27,0.0,0.0,SL_HIT,0.0,0.0,0.0,0,0.0,0.0,0.0,0.0,0,0.0,0.0,0,0,0,0,0.0,0,0.0,0.0,0,0.0,0.0,0.0,0.0,0.0,0.0,0.0,0.0,0.0,0,0,0.0,0,0,0.0,0.0,0,0.15,0.3,0.149,0.286,0.697,1.0,0,1.0,4542.0,4924.4
7632,XAUGBPm,TREND_CONTINUATION,BUY,2022.07.14 00:01:20,2022.07.14 00:02:40,1,1461.625,1456.294,-5331.0,-632.41,0.0,0.0,SL_HIT,0.0,0.0,0.0,0,0.0,0.0,0.0,0.0,0,0.0,0.0,0,0,0,0,0.0,0,0.0,0.0,0,0.0,0.0,0.0,0.0,0.0,0.0,0.0,0.0,0.0,0,0,0.0,0,0,0.0,0.0,0,0.15,0.3,0.097,0.336,0.66,0.8,1,1.0,4542.0,4442.4
7635,XAUGBPm,TREND_CONTINUATION,SELL,2022.07.14 03:00:40,2022.07.14 03:04:40,4,1454.178,1459.294,-5116.0,-607.8,0.0,0.0,SL_HIT,0.0,0.0,0.0,0,0.0,0.0,0.0,0.0,0,0.0,0.0,0,0,0,0,0.0,0,0.0,0.0,0,0.0,0.0,0.0,0.0,0.0,0.0,0.0,0.0,0.0,0,0,0.0,0,0,0.0,0.0,0,0.4,0.0,0.252,0.194,0.762,0.094,1,0.0,4542.0,4262.9
7634,XAUGBPm,PULLBACK,SELL,2022.07.14 03:00:00,2022.07.14 03:18:20,18,1454.327,1460.721,-6394.0,-759.61,0.0,0.0,SL_HIT,0.0,0.0,0.0,0,0.0,0.0,0.0,0.0,0,0.0,0.0,0,0,0,0,0.0,0,0.0,0.0,0,0.0,0.0,0.0,0.0,0.0,0.0,0.0,0.0,0.0,0,0,0.0,0,0,0.0,0.0,0,0.4,0.0,0.252,0.256,0.762,0.094,1,0.0,4542.0,4262.9
7639,XAUGBPm,PULLBACK,SELL,2022.07.14 05:00:00,2022.07.14 05:01:20,1,1454.703,1459.317,-4614.0,-547.37,0.0,0.0,SL_HIT,0.0,0.0,0.0,0,0.0,0.0,0.0,0.0,0,0.0,0.0,0,0,0,0,0.0,0,0.0,0.0,0,0.0,0.0,0.0,0.0,0.0,0.0,0.0,0.0,0.0,0,0,0.0,0,0,0.0,0.0,0,0.15,0.129,0.166,0.179,0.814,0.194,1,-0.429,4542.0,3075.7
7638,XAUGBPm,BREAKOUT,SELL,2022.07.14 04:13:40,2022.07.14 09:35:40,322,1455.603,1446.307,9296.0,1102.55,0.0,0.0,TP_HIT,0.0,0.0,0.0,0,0.0,0.0,0.0,0.0,0,0.0,0.0,0,0,0,0,0.0,0,0.0,0.0,0,0.0,0.0,0.0,0.0,0.0,0.0,0.0,0.0,0.0,0,0,0.0,0,0,0.0,0.0,3,0.0,0.648,0.0,0.291,0.413,0.975,0,-0.825,4542.0,3098.2
7644,XAUGBPm,PULLBACK,SELL,2022.07.14 11:00:40,2022.07.14 11:02:40,2,1444.134,1449.447,-5313.0,-628.16,0.0,0.0,SL_HIT,0.0,0.0,0.0,0,0.0,0.0,0.0,0.0,0,0.0,0.0,0,0,0,0,0.0,0,0.0,0.0,0,0.0,0.0,0.0,0.0,0.0,0.0,0.0,0.0,0.0,0,0,0.0,0,0,0.0,0.0,0,0.0,0.269,0.158,0.082,0.604,0.75,1,-0.895,4542.0,3542.3
7642,XAUGBPm,PULLBACK,SELL,2022.07.14 09:00:20,2022.07.14 11:23:40,143,1447.55,1452.197,-4647.0,-549.41,0.0,0.0,SL_HIT,0.0,0.0,0.0,0,0.0,0.0,0.0,0.0,0,0.0,0.0,0,0,0,0,0.0,0,0.0,0.0,0,0.0,0.0,0.0,0.0,0.0,0.0,0.0,0.0,0.0,0,0,0.0,0,0,0.0,0.0,0,0.0,0.269,0.158,0.148,0.604,0.75,1,-0.895,4542.0,3542.3
7641,XAUGBPm,BREAKOUT,SELL,2022.07.14 08:13:40,2022.07.14 11:26:40,193,1446.97,1453.081,-6111.0,-722.42,0.0,0.0,SL_HIT,0.0,0.0,0.0,0,0.0,0.0,0.0,0.0,0,0.0,0.0,0,0,0,0,0.0,0,0.0,0.0,0,0.0,0.0,0.0,0.0,0.0,0.0,0.0,0.0,0.0,0,0,0.0,0,0,0.0,0.0,0,0.0,0.269,0.158,0.263,0.604,0.75,0,-0.895,4542.0,3542.3
7649,XAUGBPm,TREND_CONTINUATION,SELL,2022.07.14 13:00:59,2022.07.14 13:08:20,7,1444.992,1449.787,-4795.0,-566.05,0.0,0.0,SL_HIT,0.0,0.0,0.0,0,0.0,0.0,0.0,0.0,0,0.0,0.0,0,0,0,0,0.0,0,0.0,0.0,0,0.0,0.0,0.0,0.0,0.0,0.0,0.0,0.0,0.0,0,0,0.0,0,0,0.0,0.0,0,0.25,0.237,0.225,0.152,0.66,0.8,1,-0.79,4542.0,3995.9
7648,XAUGBPm,BREAKOUT,SELL,2022.07.14 12:19:40,2022.07.14 14:50:40,151,1446.771,1452.27,-5499.0,-647.83,0.0,0.0,SL_HIT,0.0,0.0,0.0,0,0.0,0.0,0.0,0.0,0,0.0,0.0,0,0,0,0,0.0,0,0.0,0.0,0,0.0,0.0,0.0,0.0,0.0,0.0,0.0,0.0,0.0,0,0,0.0,0,0,0.0,0.0,0,0.15,0.3,0.202,0.296,0.72,1.0,0,-1.0,4542.0,4310.6
7653,XAUGBPm,TREND_CONTINUATION,SELL,2022.07.14 15:02:59,2022.07.14 16:54:40,111,1445.688,1451.42,-5732.0,-675.36,0.0,0.0,SL_HIT,0.0,0.0,0.0,0,0.0,0.0,0.0,0.0,0,0.0,0.0,0,0,0,0,0.0,0,0.0,0.0,0,0.0,0.0,0.0,0.0,0.0,0.0,0.0,0.0,0.0,0,0,0.0,0,0,0.0,0.0,0,0.25,0.247,0.211,0.355,0.74,0.8,0,-0.825,4542.0,5112.0
7654,XAUGBPm,BREAKOUT,SELL,2022.07.14 16:22:59,2022.07.14 16:54:40,31,1443.652,1451.32,-7668.0,-903.47,0.0,0.0,SL_HIT,0.0,0.0,0.0,0,0.0,0.0,0.0,0.0,0,0.0,0.0,0,0,0,0,0.0,0,0.0,0.0,0,0.0,0.0,0.0,0.0,0.0,0.0,0.0,0.0,0.0,0,0,0.0,0,0,0.0,0.0,0,0.25,0.247,0.211,0.355,0.74,0.8,0,-0.825,4542.0,5112.0
7658,XAUGBPm,TREND_CONTINUATION,SELL,2022.07.14 18:49:40,2022.07.14 19:18:40,29,1442.834,1449.066,-6232.0,-736.54,0.0,0.0,SL_HIT,0.0,0.0,0.0,0,0.0,0.0,0.0,0.0,0,0.0,0.0,0,0,0,0,0.0,0,0.0,0.0,0,0.0,0.0,0.0,0.0,0.0,0.0,0.0,0.0,0.0,0,0,0.0,0,0,0.0,0.0,0,0.15,0.124,0.19,0.06,0.865,0.178,1,0.4129,4542.0,5340.5
7660,XAUGBPm,BREAKOUT,BUY,2022.07.14 20:40:40,2022.07.14 20:44:20,3,1449.038,1444.433,-4605.0,-544.66,0.0,0.0,SL_HIT,0.0,0.0,0.0,0,0.0,0.0,0.0,0.0,0,0.0,0.0,0,0,0,0,0.0,0,0.0,0.0,0,0.0,0.0,0.0,0.0,0.0,0.0,0.0,0.0,0.0,0,0,0.0,0,0,0.0,0.0,0,0.4,0.118,0.14,0.16,0.829,0.349,1,0.3941,4542.0,5249.9
7661,XAUGBPm,PULLBACK,BUY,2022.07.14 20:40:59,2022.07.14 20:44:20,3,1449.038,1444.433,-4605.0,-544.66,0.0,0.0,SL_HIT,0.0,0.0,0.0,0,0.0,0.0,0.0,0.0,0,0.0,0.0,0,0,0,0,0.0,0,0.0,0.0,0,0.0,0.0,0.0,0.0,0.0,0.0,0.0,0.0,0.0,0,0,0.0,0,0,0.0,0.0,0,0.4,0.118,0.14,0.16,0.829,0.349,1,0.3941,4542.0,5249.9
7664,XAUGBPm,TREND_CONTINUATION,BUY,2022.07.14 22:01:00,2022.07.14 22:03:59,2,1448.942,1444.685,-4257.0,-503.49,0.0,0.0,SL_HIT,0.0,0.0,0.0,0,0.0,0.0,0.0,0.0,0,0.0,0.0,0,0,0,0,0.0,0,0.0,0.0,0,0.0,0.0,0.0,0.0,0.0,0.0,0.0,0.0,0.0,0,0,0.0,0,0,0.0,0.0,0,0.15,0.145,0.053,0.183,0.829,0.278,1,0.4832,4542.0,4995.8
7666,XAUGBPm,BREAKOUT,BUY,2022.07.14 22:47:40,2022.07.14 22:48:40,1,1448.937,1444.11,-4827.0,-571.02,0.0,0.0,SL_HIT,0.0,0.0,0.0,0,0.0,0.0,0.0,0.0,0,0.0,0.0,0,0,0,0,0.0,0,0.0,0.0,0,0.0,0.0,0.0,0.0,0.0,0.0,0.0,0.0,0.0,0,0,0.0,0,0,0.0,0.0,0,0.15,0.145,0.053,0.089,0.829,0.278,1,0.4832,4542.0,4995.8
7668,XAUGBPm,PULLBACK,BUY,2022.07.14 22:56:40,2022.07.14 22:58:40,2,1448.947,1444.25,-4697.0,-555.51,0.0,0.0,SL_HIT,0.0,0.0,0.0,0,0.0,0.0,0.0,0.0,0,0.0,0.0,0,0,0,0,0.0,0,0.0,0.0,0,0.0,0.0,0.0,0.0,0.0,0.0,0.0,0.0,0.0,0,0,0.0,0,0,0.0,0.0,0,0.15,0.145,0.053,0.06,0.829,0.278,1,0.4832,4542.0,4995.8
7673,XAUGBPm,TREND_CONTINUATION,SELL,2022.07.15 03:00:30,2022.07.15 03:02:40,2,1444.436,1449.074,-4638.0,-548.97,0.0,0.0,SL_HIT,0.0,0.0,0.0,0,0.0,0.0,0.0,0.0,0,0.0,0.0,0,0,0,0,0.0,0,0.0,0.0,0,0.0,0.0,0.0,0.0,0.0,0.0,0.0,0.0,0.0,0,0,0.0,0,0,0.0,0.0,0,0.0,0.226,0.0,0.177,0.722,0.55,1,-0.755,4542.0,3864.9
7675,XAUGBPm,PULLBACK,SELL,2022.07.15 03:20:40,2022.07.15 04:24:40,64,1443.696,1449.493,-5797.0,-685.9,0.0,0.0,SL_HIT,0.0,0.0,0.0,0,0.0,0.0,0.0,0.0,0,0.0,0.0,0,0,0,0,0.0,0,0.0,0.0,0,0.0,0.0,0.0,0.0,0.0,0.0,0.0,0.0,0.0,0,0,0.0,0,0,0.0,0.0,0,0.4,0.18,0.285,0.267,0.802,0.879,1,-0.6011,4542.0,3707.9
7677,XAUGBPm,PULLBACK,SELL,2022.07.15 05:30:40,2022.07.15 05:34:00,3,1441.96,1447.327,-5367.0,-634.71,0.0,0.0,SL_HIT,0.0,0.0,0.0,0,0.0,0.0,0.0,0.0,0,0.0,0.0,0,0,0,0,0.0,0,0.0,0.0,0,0.0,0.0,0.0,0.0,0.0,0.0,0.0,0.0,0.0,0,0,0.0,0,0,0.0,0.0,0,0.15,0.247,0.053,0.181,0.583,0.975,1,-0.825,4542.0,3578.1
7680,XAUGBPm,BREAKOUT,SELL,2022.07.15 09:10:20,2022.07.15 09:15:00,4,1437.334,1442.018,-4684.0,-554.46,0.0,0.0,SL_HIT,0.0,0.0,0.0,0,0.0,0.0,0.0,0.0,0,0.0,0.0,0,0,0,0,0.0,0,0.0,0.0,0,0.0,0.0,0.0,0.0,0.0,0.0,0.0,0.0,0.0,0,0,0.0,0,0,0.0,0.0,0,0.0,0.29,0.0,0.044,0.452,1.0,1,-0.965,4542.0,3122.4
7679,XAUGBPm,TREND_CONTINUATION,SELL,2022.07.15 09:05:40,2022.07.15 09:25:40,20,1438.049,1443.195,-5146.0,-608.62,0.0,0.0,SL_HIT,0.0,0.0,0.0,0,0.0,0.0,0.0,0.0,0,0.0,0.0,0,0,0,0,0.0,0,0.0,0.0,0,0.0,0.0,0.0,0.0,0.0,0.0,0.0,0.0,0.0,0,0,0.0,0,0,0.0,0.0,0,0.0,0.29,0.0,0.166,0.452,1.0,1,-0.965,4542.0,3122.4
7683,XAUGBPm,PULLBACK,SELL,2022.07.15 09:30:40,2022.07.15 09:31:40,1,1437.56,1442.244,-4684.0,-553.81,0.0,0.0,SL_HIT,0.0,0.0,0.0,0,0.0,0.0,0.0,0.0,0,0.0,0.0,0,0,0,0,0.0,0,0.0,0.0,0,0.0,0.0,0.0,0.0,0.0,0.0,0.0,0.0,0.0,0,0,0.0,0,0,0.0,0.0,0,0.0,0.29,0.0,0.141,0.452,1.0,1,-0.965,4542.0,3122.4
7685,XAUGBPm,PULLBACK,SELL,2022.07.15 12:26:00,2022.07.15 12:31:40,5,1437.392,1442.341,-4949.0,-584.8,0.0,0.0,SL_HIT,0.0,0.0,0.0,0,0.0,0.0,0.0,0.0,0,0.0,0.0,0,0,0,0,0.0,0,0.0,0.0,0,0.0,0.0,0.0,0.0,0.0,0.0,0.0,0.0,0.0,0,0,0.0,0,0,0.0,0.0,0,0.25,0.247,0.088,0.26,0.604,0.8,0,-0.825,4542.0,3299.4
7688,XAUGBPm,TREND_CONTINUATION,SELL,2022.07.15 14:26:20,2022.07.15 14:26:40,0,1434.983,1439.833,-4850.0,-574.99,0.0,0.0,SL_HIT,0.0,0.0,0.0,0,0.0,0.0,0.0,0.0,0,0.0,0.0,0,0,0,0,0.0,0,0.0,0.0,0,0.0,0.0,0.0,0.0,0.0,0.0,0.0,0.0,0.0,0,0,0.0,0,0,0.0,0.0,0,0.25,0.247,0.232,0.333,0.73,0.8,0,-0.825,4542.0,4041.9
7690,XAUGBPm,TREND_CONTINUATION,SELL,2022.07.15 18:00:00,2022.07.15 18:21:40,21,1435.566,1440.698,-5132.0,-608.32,0.0,0.0,SL_HIT,0.0,0.0,0.0,0,0.0,0.0,0.0,0.0,0,0.0,0.0,0,0,0,0,0.0,0,0.0,0.0,0,0.0,0.0,0.0,0.0,0.0,0.0,0.0,0.0,0.0,0,0,0.0,0,0,0.0,0.0,0,0.0,0.288,0.0,0.145,0.728,0.762,1,-0.9616,4542.0,4277.0
7694,XAUGBPm,PULLBACK,SELL,2022.07.17 23:55:40,2022.07.18 00:06:00,10,1435.907,1441.118,-5211.0,-619.47,0.0,0.0,SL_HIT,0.0,0.0,0.0,0,0.0,0.0,0.0,0.0,0,0.0,0.0,0,0,0,0,0.0,0,0.0,0.0,0,0.0,0.0,0.0,0.0,0.0,0.0,0.0,0.0,0.0,0,0,0.0,0,0,0.0,0.0,0,0.0,0.294,0.137,0.093,0.63,0.778,1,-0.9784,4542.0,3374.6
7696,XAUGBPm,BREAKOUT,SELL,2022.07.18 01:00:00,2022.07.18 01:03:40,3,1435.808,1440.709,-4901.0,-582.67,0.0,0.0,SL_HIT,0.0,0.0,0.0,0,0.0,0.0,0.0,0.0,0,0.0,0.0,0,0,0,0,0.0,0,0.0,0.0,0,0.0,0.0,0.0,0.0,0.0,0.0,0.0,0.0,0.0,0,0,0.0,0,0,0.0,0.0,0,0.0,0.0,0.132,0.0,0.924,0.076,1,0.0,4542.0,3267.1
7698,XAUGBPm,BREAKOUT,BUY,2022.07.18 03:00:00,2022.07.18 03:01:40,1,1442.854,1438.455,-4399.0,-523.34,0.0,0.0,SL_HIT,0.0,0.0,0.0,0,0.0,0.0,0.0,0.0,0,0.0,0.0,0,0,0,0,0.0,0,0.0,0.0,0,0.0,0.0,0.0,0.0,0.0,0.0,0.0,0.0,0.0,0,0,0.0,0,0,0.0,0.0,0,0.15,0.216,0.053,0.102,0.672,0.75,0,0.72,4542.0,3121.2
7700,XAUGBPm,BREAKOUT,SELL,2022.07.18 11:00:00,2022.07.18 11:58:40,58,1429.755,1435.778,-6023.0,-720.72,0.0,0.0,SL_HIT,0.0,0.0,0.0,0,0.0,0.0,0.0,0.0,0,0.0,0.0,0,0,0,0,0.0,0,0.0,0.0,0,0.0,0.0,0.0,0.0,0.0,0.0,0.0,0.0,0.0,0,0,0.0,0,0,0.0,0.0,0,0.0,0.175,0.0,0.258,0.711,0.523,0,-0.5838,4542.0,3011.3
7702,XAUGBPm,PULLBACK,SELL,2022.07.18 12:11:00,2022.07.18 12:11:40,0,1429.277,1433.83,-4553.0,-544.6,0.0,0.0,SL_HIT,0.0,0.0,0.0,0,0.0,0.0,0.0,0.0,0,0.0,0.0,0,0,0,0,0.0,0,0.0,0.0,0,0.0,0.0,0.0,0.0,0.0,0.0,0.0,0.0,0.0,0,0,0.0,0,0,0.0,0.0,0,0.0,0.216,0.0,0.035,0.443,0.75,1,-0.72,4542.0,3035.4
7704,XAUGBPm,BREAKOUT,SELL,2022.07.18 15:06:59,2022.07.18 16:01:00,54,1423.22,1429.707,-6487.0,-777.6,0.0,0.0,SL_HIT,0.0,0.0,0.0,0,0.0,0.0,0.0,0.0,0,0.0,0.0,0,0,0,0,0.0,0,0.0,0.0,0,0.0,0.0,0.0,0.0,0.0,0.0,0.0,0.0,0.0,0,0,0.0,0,0,0.0,0.0,0,0.15,0.258,0.053,0.316,0.563,1.0,1,-0.86,4542.0,3735.2
7706,XAUGBPm,TREND_CONTINUATION,SELL,2022.07.18 16:10:40,2022.07.18 16:33:40,23,1424.776,1430.125,-5349.0,-641.31,0.0,0.0,SL_HIT,0.0,0.0,0.0,0,0.0,0.0,0.0,0.0,0,0.0,0.0,0,0,0,0,0.0,0,0.0,0.0,0,0.0,0.0,0.0,0.0,0.0,0.0,0.0,0.0,0.0,0,0,0.0,0,0,0.0,0.0,0,0.15,0.258,0.053,0.339,0.563,1.0,1,-0.86,4542.0,3735.2
7707,XAUGBPm,PULLBACK,SELL,2022.07.18 16:11:00,2022.07.18 16:33:40,22,1424.734,1430.125,-5391.0,-646.35,0.0,0.0,SL_HIT,0.0,0.0,0.0,0,0.0,0.0,0.0,0.0,0,0.0,0.0,0,0,0,0,0.0,0,0.0,0.0,0,0.0,0.0,0.0,0.0,0.0,0.0,0.0,0.0,0.0,0,0,0.0,0,0,0.0,0.0,0,0.15,0.258,0.053,0.339,0.563,1.0,1,-0.86,4542.0,3735.2
7710,XAUGBPm,TREND_CONTINUATION,SELL,2022.07.18 18:59:59,2022.07.18 19:00:00,0,1426.223,1430.894,-4671.0,-558.38,0.0,0.0,SL_HIT,0.0,0.0,0.0,0,0.0,0.0,0.0,0.0,0,0.0,0.0,0,0,0,0,0.0,0,0.0,0.0,0,0.0,0.0,0.0,0.0,0.0,0.0,0.0,0.0,0.0,0,0,0.0,0,0,0.0,0.0,5,0.45,0.29,0.457,0.69,0.294,0.8,1,-0.965,4542.0,3936.6
7712,XAUGBPm,BREAKOUT,SELL,2022.07.18 19:12:20,2022.07.18 20:27:00,74,1426.223,1432.128,-5905.0,-705.7,0.0,0.0,SL_HIT,0.0,0.0,0.0,0,0.0,0.0,0.0,0.0,0,0.0,0.0,0,0,0,0,0.0,0,0.0,0.0,0,0.0,0.0,0.0,0.0,0.0,0.0,0.0,0.0,0.0,0,0,0.0,0,0,0.0,0.0,0,0.15,0.3,0.053,0.06,0.586,0.8,1,-1.0,4542.0,3923.9
7716,XAUGBPm,BREAKOUT,SELL,2022.07.19 00:31:20,2022.07.19 00:36:40,5,1426.496,1431.754,-5258.0,-627.88,0.0,0.0,SL_HIT,0.0,0.0,0.0,0,0.0,0.0,0.0,0.0,0,0.0,0.0,0,0,0,0,0.0,0,0.0,0.0,0,0.0,0.0,0.0,0.0,0.0,0.0,0.0,0.0,0.0,0,0,0.0,0,0,0.0,0.0,0,0.15,0.227,0.158,0.078,0.718,0.555,1,-0.7553,4542.0,3505.4
7717,XAUGBPm,PULLBACK,SELL,2022.07.19 00:31:30,2022.07.19 00:36:40,5,1426.496,1431.754,-5258.0,-627.88,0.0,0.0,SL_HIT,0.0,0.0,0.0,0,0.0,0.0,0.0,0.0,0,0.0,0.0,0,0,0,0,0.0,0,0.0,0.0,0,0.0,0.0,0.0,0.0,0.0,0.0,0.0,0.0,0.0,0,0,0.0,0,0,0.0,0.0,0,0.15,0.227,0.158,0.078,0.718,0.555,1,-0.7553,4542.0,3505.4
7714,XAUGBPm,BREAKOUT,SELL,2022.07.18 22:31:20,2022.07.19 00:54:40,143,1427.517,1433.192,-5675.0,-677.34,0.0,0.0,SL_HIT,0.0,0.0,0.0,0,0.0,0.0,0.0,0.0,0,0.0,0.0,0,0,0,0,0.0,0,0.0,0.0,0,0.0,0.0,0.0,0.0,0.0,0.0,0.0,0.0,0.0,0,0,0.0,0,0,0.0,0.0,0,0.15,0.227,0.158,0.311,0.718,0.555,0,-0.7553,4542.0,3505.4
7715,XAUGBPm,PULLBACK,SELL,2022.07.18 22:31:30,2022.07.19 00:54:40,143,1427.517,1433.192,-5675.0,-677.34,0.0,0.0,SL_HIT,0.0,0.0,0.0,0,0.0,0.0,0.0,0.0,0,0.0,0.0,0,0,0,0,0.0,0,0.0,0.0,0,0.0,0.0,0.0,0.0,0.0,0.0,0.0,0.0,0.0,0,0,0.0,0,0,0.0,0.0,0,0.15,0.227,0.158,0.311,0.718,0.555,0,-0.7553,4542.0,3505.4
7722,XAUGBPm,BREAKOUT,BUY,2022.07.19 02:31:20,2022.07.19 02:31:40,0,1432.684,1428.03,-4654.0,-555.57,0.0,0.0,SL_HIT,0.0,0.0,0.0,0,0.0,0.0,0.0,0.0,0,0.0,0.0,0,0,0,0,0.0,0,0.0,0.0,0,0.0,0.0,0.0,0.0,0.0,0.0,0.0,0.0,0.0,0,0,0.0,0,0,0.0,0.0,0,0.15,0.164,0.274,0.298,0.82,0.75,0,0.545,4542.0,3124.5
7723,XAUGBPm,PULLBACK,BUY,2022.07.19 02:31:30,2022.07.19 02:31:40,0,1432.684,1427.997,-4687.0,-559.51,0.0,0.0,SL_HIT,0.0,0.0,0.0,0,0.0,0.0,0.0,0.0,0,0.0,0.0,0,0,0,0,0.0,0,0.0,0.0,0,0.0,0.0,0.0,0.0,0.0,0.0,0.0,0.0,0.0,0,0,0.0,0,0,0.0,0.0,0,0.15,0.164,0.274,0.298,0.82,0.75,0,0.545,4542.0,3124.5
7726,XAUGBPm,BREAKOUT,SELL,2022.07.19 08:58:40,2022.07.19 08:59:20,0,1423.01,1427.57,-4560.0,-548.01,0.0,0.0,SL_HIT,0.0,0.0,0.0,0,0.0,0.0,0.0,0.0,0,0.0,0.0,0,0,0,0,0.0,0,0.0,0.0,0,0.0,0.0,0.0,0.0,0.0,0.0,0.0,0.0,0.0,0,0,0.0,0,0,0.0,0.0,0,0.25,0.164,0.088,0.23,0.717,0.75,0,-0.545,4542.0,2574.7
7728,XAUGBPm,BREAKOUT,SELL,2022.07.19 19:00:00,2022.07.19 19:05:00,5,1423.59,1428.649,-5059.0,-606.6,0.0,0.0,SL_HIT,0.0,0.0,0.0,0,0.0,0.0,0.0,0.0,0,0.0,0.0,0,0,0,0,0.0,0,0.0,0.0,0,0.0,0.0,0.0,0.0,0.0,0.0,0.0,0.0,0.0,0,0,0.0,0,0,0.0,0.0,0,0.25,0.237,0.088,0.155,0.796,0.765,1,-0.7903,4542.0,3372.8
7729,XAUGBPm,PULLBACK,SELL,2022.07.19 19:00:20,2022.07.19 19:05:00,4,1423.59,1428.649,-5059.0,-606.6,0.0,0.0,SL_HIT,0.0,0.0,0.0,0,0.0,0.0,0.0,0.0,0,0.0,0.0,0,0,0,0,0.0,0,0.0,0.0,0,0.0,0.0,0.0,0.0,0.0,0.0,0.0,0.0,0.0,0,0,0.0,0,0,0.0,0.0,0,0.25,0.237,0.088,0.155,0.796,0.765,1,-0.7903,4542.0,3372.8
7732,XAUGBPm,BREAKOUT,SELL,2022.07.19 22:01:00,2022.07.19 22:17:20,16,1423.839,1428.581,-4742.0,-569.21,0.0,0.0,SL_HIT,0.0,0.0,0.0,0,0.0,0.0,0.0,0.0,0,0.0,0.0,0,0,0,0,0.0,0,0.0,0.0,0,0.0,0.0,0.0,0.0,0.0,0.0,0.0,0.0,0.0,0,0,0.0,0,0,0.0,0.0,0,0.15,0.0,0.179,0.099,0.973,0.117,1,0.0,4542.0,3161.6
7733,XAUGBPm,PULLBACK,SELL,2022.07.19 22:01:20,2022.07.19 22:19:40,18,1423.847,1428.589,-4742.0,-569.17,0.0,0.0,SL_HIT,0.0,0.0,0.0,0,0.0,0.0,0.0,0.0,0,0.0,0.0,0,0,0,0,0.0,0,0.0,0.0,0,0.0,0.0,0.0,0.0,0.0,0.0,0.0,0.0,0.0,0,0,0.0,0,0,0.0,0.0,0,0.15,0.0,0.179,0.099,0.973,0.117,1,0.0,4542.0,3161.6
7739,XAUGBPm,PULLBACK,SELL,2022.07.21 00:01:40,2022.07.21 00:02:40,1,1413.351,1418.462,-5111.0,-611.49,0.0,0.0,SL_HIT,0.0,0.0,0.0,0,0.0,0.0,0.0,0.0,0,0.0,0.0,0,0,0,0,0.0,0,0.0,0.0,0,0.0,0.0,0.0,0.0,0.0,0.0,0.0,0.0,0.0,0,0,0.0,0,0,0.0,0.0,0,0.0,0.247,0.15,0.014,0.732,0.65,1,-0.825,4542.0,3407.5
7741,XAUGBPm,BREAKOUT,SELL,2022.07.21 00:44:40,2022.07.21 08:09:20,444,1413.745,1418.856,-5111.0,-609.28,0.0,0.0,SL_HIT,0.0,0.0,0.0,0,0.0,0.0,0.0,0.0,0,0.0,0.0,0,0,0,0,0.0,0,0.0,0.0,0,0.0,0.0,0.0,0.0,0.0,0.0,0.0,0.0,0.0,0,0,0.0,0,0,0.0,0.0,0,0.0,0.3,0.0,0.296,0.645,1.0,0,-1.0,4542.0,3189.9
7742,XAUGBPm,PULLBACK,SELL,2022.07.21 08:08:40,2022.07.21 08:09:20,0,1413.89,1418.675,-4785.0,-570.42,0.0,0.0,SL_HIT,0.0,0.0,0.0,0,0.0,0.0,0.0,0.0,0,0.0,0.0,0,0,0,0,0.0,0,0.0,0.0,0,0.0,0.0,0.0,0.0,0.0,0.0,0.0,0.0,0.0,0,0,0.0,0,0,0.0,0.0,0,0.0,0.3,0.0,0.296,0.645,1.0,0,-1.0,4542.0,3189.9
7745,XAUGBPm,BREAKOUT,SELL,2022.07.21 08:58:40,2022.07.21 08:59:40,1,1408.974,1413.759,-4785.0,-571.29,0.0,0.0,SL_HIT,0.0,0.0,0.0,0,0.0,0.0,0.0,0.0,0,0.0,0.0,0,0,0,0,0.0,0,0.0,0.0,0,0.0,0.0,0.0,0.0,0.0,0.0,0.0,0.0,0.0,0,0,0.0,0,0,0.0,0.0,0,0.0,0.3,0.0,0.0,0.645,1.0,1,-1.0,4542.0,3189.9
7736,XAUGBPm,PULLBACK,SELL,2022.07.20 19:07:59,2022.07.21 10:43:40,935,1418.542,1408.099,10443.0,1249.32,0.0,0.0,TP_HIT,0.0,0.0,0.0,0,0.0,0.0,0.0,0.0,0,0.0,0.0,0,0,0,0,0.0,0,0.0,0.0,0,0.0,0.0,0.0,0.0,0.0,0.0,0.0,0.0,0.0,0,0,0.0,0,0,0.0,0.0,0,0.0,0.3,0.128,0.294,0.608,0.8,0,-1.0,4542.0,3436.0
7748,XAUGBPm,PULLBACK,SELL,2022.07.21 12:08:40,2022.07.21 12:09:40,1,1408.982,1414.429,-5447.0,-649.26,0.0,0.0,SL_HIT,0.0,0.0,0.0,0,0.0,0.0,0.0,0.0,0,0.0,0.0,0,0,0,0,0.0,0,0.0,0.0,0,0.0,0.0,0.0,0.0,0.0,0.0,0.0,0.0,0.0,0,0,0.0,0,0,0.0,0.0,0,0.0,0.3,0.106,0.114,0.559,0.8,0,-1.0,4542.0,3631.6
7737,XAUGBPm,BREAKOUT,SELL,2022.07.20 20:44:40,2022.07.21 12:24:40,940,1413.846,1419.68,-5834.0,-696.56,0.0,0.0,SL_HIT,0.0,0.0,0.0,0,0.0,0.0,0.0,0.0,0,0.0,0.0,0,0,0,0,0.0,0,0.0,0.0,0,0.0,0.0,0.0,0.0,0.0,0.0,0.0,0.0,0.0,0,0,0.0,0,0,0.0,0.0,0,0.0,0.3,0.106,0.193,0.559,0.8,0,-1.0,4542.0,3631.6
7738,XAUGBPm,BREAKOUT,SELL,2022.07.20 22:44:40,2022.07.21 12:24:40,820,1413.757,1419.71,-5953.0,-710.76,0.0,0.0,SL_HIT,0.0,0.0,0.0,0,0.0,0.0,0.0,0.0,0,0.0,0.0,0,0,0,0,0.0,0,0.0,0.0,0,0.0,0.0,0.0,0.0,0.0,0.0,0.0,0.0,0.0,0,0,0.0,0,0,0.0,0.0,0,0.0,0.3,0.106,0.193,0.559,0.8,0,-1.0,4542.0,3631.6
7752,XAUGBPm,BREAKOUT,SELL,2022.07.21 12:58:40,2022.07.21 12:59:40,1,1420.655,1426.102,-5447.0,-652.87,0.0,0.0,SL_HIT,0.0,0.0,0.0,0,0.0,0.0,0.0,0.0,0,0.0,0.0,0,0,0,0,0.0,0,0.0,0.0,0,0.0,0.0,0.0,0.0,0.0,0.0,0.0,0.0,0.0,0,0,0.0,0,0,0.0,0.0,0,0.0,0.3,0.106,0.193,0.559,0.8,0,-1.0,4542.0,3631.6
7754,XAUGBPm,ANCHORED_PULLBACK,BUY,2022.07.21 14:00:00,2022.07.21 14:00:40,0,1431.969,1427.465,-4504.0,-537.71,0.0,0.0,SL_HIT,0.0,0.0,0.0,0,0.0,0.0,0.0,0.0,0,0.0,0.0,0,0,0,0,0.0,0,0.0,0.0,0,0.0,0.0,0.0,0.0,0.0,0.0,0.0,0.0,0.0,0,0,0.0,0,0,0.0,0.0,0,0.0,0.206,0.0,0.188,0.44,0.675,0,0.685,4542.0,5081.8
7756,XAUGBPm,TREND_CONTINUATION,BUY,2022.07.21 14:05:40,2022.07.21 14:06:40,1,1434.156,1429.407,-4749.0,-567.04,0.0,0.0,SL_HIT,0.0,0.0,0.0,0,0.0,0.0,0.0,0.0,0,0.0,0.0,0,0,0,0,0.0,0,0.0,0.0,0,0.0,0.0,0.0,0.0,0.0,0.0,0.0,0.0,0.0,0,0,0.0,0,0,0.0,0.0,0,0.0,0.206,0.0,0.266,0.44,0.675,0,0.685,4542.0,5081.8
7758,XAUGBPm,SWEEP_REVERSAL,SELL,2022.07.21 14:42:40,2022.07.21 14:43:40,1,1429.869,1434.951,-5082.0,-606.48,0.0,0.0,SL_HIT,0.0,0.0,0.0,0,0.0,0.0,0.0,0.0,0,0.0,0.0,0,0,0,0,0.0,0,0.0,0.0,0,0.0,0.0,0.0,0.0,0.0,0.0,0.0,0.0,0.0,0,0,0.0,0,0,0.0,0.0,0,0.0,0.206,0.0,0.266,0.44,0.675,0,0.685,4542.0,5081.8
7760,XAUGBPm,BREAKOUT,BUY,2022.07.21 14:58:40,2022.07.21 14:59:40,1,1435.348,1430.827,-4521.0,-540.31,0.0,0.0,SL_HIT,0.0,0.0,0.0,0,0.0,0.0,0.0,0.0,0,0.0,0.0,0,0,0,0,0.0,0,0.0,0.0,0,0.0,0.0,0.0,0.0,0.0,0.0,0.0,0.0,0.0,0,0,0.0,0,0,0.0,0.0,0,0.0,0.206,0.0,0.266,0.44,0.675,0,0.685,4542.0,5081.8
7762,XAUGBPm,TREND_CONTINUATION,BUY,2022.07.21 16:10:40,2022.07.21 16:11:40,1,1435.529,1430.711,-4818.0,-575.99,0.0,0.0,SL_HIT,0.0,0.0,0.0,0,0.0,0.0,0.0,0.0,0,0.0,0.0,0,0,0,0,0.0,0,0.0,0.0,0,0.0,0.0,0.0,0.0,0.0,0.0,0.0,0.0,0.0,0,0,0.0,0,0,0.0,0.0,0,0.0,0.226,0.0,0.055,0.662,0.55,1,0.755,4542.0,5452.1
7764,XAUGBPm,TREND_CONTINUATION,BUY,2022.07.21 18:10:40,2022.07.21 18:11:40,1,1435.6,1431.04,-4560.0,-545.3,0.0,0.0,SL_HIT,0.0,0.0,0.0,0,0.0,0.0,0.0,0.0,0,0.0,0.0,0,0,0,0,0.0,0,0.0,0.0,0,0.0,0.0,0.0,0.0,0.0,0.0,0.0,0.0,0.0,0,0,0.0,0,0,0.0,0.0,0,0.15,0.247,0.247,0.248,0.694,0.975,1,0.825,4542.0,5579.7
7766,XAUGBPm,TREND_CONTINUATION,BUY,2022.07.21 20:10:40,2022.07.21 20:11:40,1,1437.742,1433.112,-4630.0,-554.63,0.0,0.0,SL_HIT,0.0,0.0,0.0,0,0.0,0.0,0.0,0.0,0,0.0,0.0,0,0,0,0,0.0,0,0.0,0.0,0,0.0,0.0,0.0,0.0,0.0,0.0,0.0,0.0,0.0,0,0,0.0,0,0,0.0,0.0,0,0.4,0.216,0.265,0.387,0.697,1.0,0,0.72,4542.0,5676.4
7769,XAUGBPm,TREND_CONTINUATION,BUY,2022.07.21 23:37:40,2022.07.21 23:39:40,2,1435.191,1430.522,-4669.0,-560.24,0.0,0.0,SL_HIT,0.0,0.0,0.0,0,0.0,0.0,0.0,0.0,0,0.0,0.0,0,0,0,0,0.0,0,0.0,0.0,0,0.0,0.0,0.0,0.0,0.0,0.0,0.0,0.0,0.0,0,0,0.0,0,0,0.0,0.0,0,0.4,0.237,0.251,0.398,0.611,1.0,1,0.79,4542.0,5042.6
7771,XAUGBPm,BREAKOUT,BUY,2022.07.22 00:11:40,2022.07.22 00:13:40,2,1435.782,1431.39,-4392.0,-526.46,0.0,0.0,SL_HIT,0.0,0.0,0.0,0,0.0,0.0,0.0,0.0,0,0.0,0.0,0,0,0,0,0.0,0,0.0,0.0,0,0.0,0.0,0.0,0.0,0.0,0.0,0.0,0.0,0.0,0,0,0.0,0,0,0.0,0.0,0,0.15,0.247,0.053,0.32,0.6,0.8,1,0.825,4542.0,4758.1
7772,XAUGBPm,PULLBACK,BUY,2022.07.22 00:11:59,2022.07.22 00:13:40,1,1435.702,1431.39,-4312.0,-516.87,0.0,0.0,SL_HIT,0.0,0.0,0.0,0,0.0,0.0,0.0,0.0,0,0.0,0.0,0,0,0,0,0.0,0,0.0,0.0,0,0.0,0.0,0.0,0.0,0.0,0.0,0.0,0.0,0.0,0,0,0.0,0,0,0.0,0.0,0,0.15,0.247,0.053,0.32,0.6,0.8,1,0.825,4542.0,4758.1
7775,XAUGBPm,TREND_CONTINUATION,BUY,2022.07.22 01:37:40,2022.07.22 01:39:40,2,1435.0,1430.467,-4533.0,-543.28,0.0,0.0,SL_HIT,0.0,0.0,0.0,0,0.0,0.0,0.0,0.0,0,0.0,0.0,0,0,0,0,0.0,0,0.0,0.0,0,0.0,0.0,0.0,0.0,0.0,0.0,0.0,0.0,0.0,0,0,0.0,0,0,0.0,0.0,0,0.0,0.3,0.0,0.184,0.628,0.8,1,1.0,4542.0,4634.5
7778,XAUGBPm,BREAKOUT,SELL,2022.07.22 04:00:00,2022.07.22 04:01:40,1,1430.083,1434.903,-4820.0,-576.66,0.0,0.0,SL_HIT,0.0,0.0,0.0,0,0.0,0.0,0.0,0.0,0,0.0,0.0,0,0,0,0,0.0,0,0.0,0.0,0,0.0,0.0,0.0,0.0,0.0,0.0,0.0,0.0,0.0,0,0,0.0,0,0,0.0,0.0,0,0.0,0.114,0.0,0.007,0.827,0.147,1,-0.3815,4542.0,3213.6
7779,XAUGBPm,PULLBACK,SELL,2022.07.22 04:00:20,2022.07.22 04:01:40,1,1430.083,1434.903,-4820.0,-576.66,0.0,0.0,SL_HIT,0.0,0.0,0.0,0,0.0,0.0,0.0,0.0,0,0.0,0.0,0,0,0,0,0.0,0,0.0,0.0,0,0.0,0.0,0.0,0.0,0.0,0.0,0.0,0.0,0.0,0,0,0.0,0,0,0.0,0.0,0,0.0,0.114,0.0,0.007,0.827,0.147,1,-0.3815,4542.0,3213.6
7782,XAUGBPm,BREAKOUT,BUY,2022.07.22 08:00:00,2022.07.22 08:00:40,0,1441.086,1436.661,-4425.0,-527.94,0.0,0.0,SL_HIT,0.0,0.0,0.0,0,0.0,0.0,0.0,0.0,0,0.0,0.0,0,0,0,0,0.0,0,0.0,0.0,0,0.0,0.0,0.0,0.0,0.0,0.0,0.0,0.0,0.0,0,0,0.0,0,0,0.0,0.0,0,0.15,0.216,0.053,0.22,0.702,0.75,0,0.72,4542.0,2617.4
7784,XAUGBPm,BREAKOUT,BUY,2022.07.22 10:00:00,2022.07.22 10:00:40,0,1444.955,1440.311,-4644.0,-554.98,0.0,0.0,SL_HIT,0.0,0.0,0.0,0,0.0,0.0,0.0,0.0,0,0.0,0.0,0,0,0,0,0.0,0,0.0,0.0,0,0.0,0.0,0.0,0.0,0.0,0.0,0.0,0.0,0.0,0,0,0.0,0,0,0.0,0.0,0,0.4,0.185,0.254,0.375,0.655,0.9,0,0.615,4542.0,3153.1
7786,XAUGBPm,BREAKOUT,BUY,2022.07.22 14:00:40,2022.07.22 14:03:20,2,1444.532,1438.749,-5783.0,-697.05,0.0,0.0,SL_HIT,0.0,0.0,0.0,0,0.0,0.0,0.0,0.0,0,0.0,0.0,0,0,0,0,0.0,0,0.0,0.0,0,0.0,0.0,0.0,0.0,0.0,0.0,0.0,0.0,0.0,0,0,0.0,0,0,0.0,0.0,0,0.0,0.279,0.117,0.178,0.682,0.8,1,0.93,4542.0,4339.5
7788,XAUGBPm,TREND_CONTINUATION,BUY,2022.07.22 14:05:40,2022.07.22 14:09:40,4,1444.509,1439.302,-5207.0,-626.58,0.0,0.0,SL_HIT,0.0,0.0,0.0,0,0.0,0.0,0.0,0.0,0,0.0,0.0,0,0,0,0,0.0,0,0.0,0.0,0,0.0,0.0,0.0,0.0,0.0,0.0,0.0,0.0,0.0,0,0,0.0,0,0,0.0,0.0,0,0.0,0.279,0.117,0.119,0.682,0.8,1,0.93,4542.0,4339.5
7790,XAUGBPm,PULLBACK,BUY,2022.07.22 14:11:59,2022.07.22 14:14:40,2,1444.719,1438.755,-5964.0,-718.61,0.0,0.0,SL_HIT,0.0,0.0,0.0,0,0.0,0.0,0.0,0.0,0,0.0,0.0,0,0,0,0,0.0,0,0.0,0.0,0,0.0,0.0,0.0,0.0,0.0,0.0,0.0,0.0,0.0,0,0,0.0,0,0,0.0,0.0,0,0.0,0.279,0.117,0.178,0.682,0.8,1,0.93,4542.0,4339.5
7792,XAUGBPm,SWEEP_REVERSAL,BUY,2022.07.22 16:51:20,2022.07.22 16:52:20,1,1440.929,1436.542,-4387.0,-527.15,0.0,0.0,SL_HIT,0.0,0.0,0.0,0,0.0,0.0,0.0,0.0,0,0.0,0.0,0,0,0,0,0.0,0,0.0,0.0,0,0.0,0.0,0.0,0.0,0.0,0.0,0.0,0.0,0.0,0,0,0.0,0,0,0.0,0.0,0,0.25,0.247,0.088,0.151,0.609,0.8,1,0.825,4542.0,4742.6
7794,XAUGBPm,TREND_CONTINUATION,SELL,2022.07.22 18:00:00,2022.07.22 18:38:40,38,1435.227,1441.177,-5950.0,-712.99,0.0,0.0,SL_HIT,0.0,0.0,0.0,0,0.0,0.0,0.0,0.0,0,0.0,0.0,0,0,0,0,0.0,0,0.0,0.0,0,0.0,0.0,0.0,0.0,0.0,0.0,0.0,0.0,0.0,0,0,0.0,0,0,0.0,0.0,0,0.25,0.0,0.208,0.12,0.895,0.13,1,0.0,4542.0,4958.1
7795,XAUGBPm,BREAKOUT,SELL,2022.07.22 18:01:40,2022.07.22 19:12:40,71,1435.24,1442.677,-7437.0,-890.74,0.0,0.0,SL_HIT,0.0,0.0,0.0,0,0.0,0.0,0.0,0.0,0,0.0,0.0,0,0,0,0,0.0,0,0.0,0.0,0,0.0,0.0,0.0,0.0,0.0,0.0,0.0,0.0,0.0,0,0,0.0,0,0,0.0,0.0,0,0.0,0.17,0.142,0.154,0.789,0.333,1,-0.568,4542.0,5132.4
7796,XAUGBPm,PULLBACK,SELL,2022.07.22 18:15:00,2022.07.22 19:12:40,57,1435.277,1442.714,-7437.0,-890.74,0.0,0.0,SL_HIT,0.0,0.0,0.0,0,0.0,0.0,0.0,0.0,0,0.0,0.0,0,0,0,0,0.0,0,0.0,0.0,0,0.0,0.0,0.0,0.0,0.0,0.0,0.0,0.0,0.0,0,0,0.0,0,0,0.0,0.0,0,0.0,0.17,0.142,0.154,0.789,0.333,1,-0.568,4542.0,5132.4
7800,XAUGBPm,TREND_CONTINUATION,SELL,2022.07.22 20:00:00,2022.07.22 20:31:40,31,1434.533,1440.814,-6281.0,-753.59,0.0,0.0,SL_HIT,0.0,0.0,0.0,0,0.0,0.0,0.0,0.0,0,0.0,0.0,0,0,0,0,0.0,0,0.0,0.0,0,0.0,0.0,0.0,0.0,0.0,0.0,0.0,0.0,0.0,0,0,0.0,0,0,0.0,0.0,0,0.15,0.216,0.151,0.115,0.785,0.75,1,-0.72,4542.0,5234.4
7814,XAUGBPm,TREND_CONTINUATION,SELL,2022.07.25 01:00:30,2022.07.25 01:00:40,0,1435.555,1440.39,-4835.0,-578.37,0.0,0.0,SL_HIT,0.0,0.0,0.0,0,0.0,0.0,0.0,0.0,0,0.0,0.0,0,0,0,0,0.0,0,0.0,0.0,0,0.0,0.0,0.0,0.0,0.0,0.0,0.0,0.0,0.0,0,0,0.0,0,0,0.0,0.0,0,0.4,0.206,0.249,0.189,0.726,0.7,1,-0.685,4542.0,4029.1
7813,XAUGBPm,PULLBACK,SELL,2022.07.25 01:00:20,2022.07.25 01:05:00,4,1435.555,1441.599,-6044.0,-723.2,0.0,0.0,SL_HIT,0.0,0.0,0.0,0,0.0,0.0,0.0,0.0,0,0.0,0.0,0,0,0,0,0.0,0,0.0,0.0,0,0.0,0.0,0.0,0.0,0.0,0.0,0.0,0.0,0.0,0,0,0.0,0,0,0.0,0.0,0,0.4,0.206,0.249,0.374,0.726,0.7,0,-0.685,4542.0,4029.1
7812,XAUGBPm,BREAKOUT,SELL,2022.07.25 01:00:00,2022.07.25 01:07:40,7,1435.899,1441.943,-6044.0,-723.35,0.0,0.0,SL_HIT,0.0,0.0,0.0,0,0.0,0.0,0.0,0.0,0,0.0,0.0,0,0,0,0,0.0,0,0.0,0.0,0,0.0,0.0,0.0,0.0,0.0,0.0,0.0,0.0,0.0,0,0,0.0,0,0,0.0,0.0,0,0.4,0.206,0.249,0.427,0.726,0.7,0,-0.685,4542.0,4029.1
7819,XAUGBPm,BREAKOUT,SELL,2022.07.25 16:01:40,2022.07.25 16:11:40,10,1422.45,1427.729,-5279.0,-635.48,0.0,0.0,SL_HIT,0.0,0.0,0.0,0,0.0,0.0,0.0,0.0,0,0.0,0.0,0,0,0,0,0.0,0,0.0,0.0,0,0.0,0.0,0.0,0.0,0.0,0.0,0.0,0.0,0.0,0,0,0.0,0,0,0.0,0.0,0,0.0,0.258,0.079,0.044,0.62,1.0,1,-0.86,4542.0,3519.6
7821,XAUGBPm,BREAKOUT,BUY,2022.07.25 22:01:00,2022.07.25 22:01:40,0,1429.321,1424.655,-4666.0,-562.23,0.0,0.0,SL_HIT,0.0,0.0,0.0,0,0.0,0.0,0.0,0.0,0,0.0,0.0,0,0,0,0,0.0,0,0.0,0.0,0,0.0,0.0,0.0,0.0,0.0,0.0,0.0,0.0,0.0,0,0,0.0,0,0,0.0,0.0,0,0.4,0.247,0.14,0.391,0.793,1.0,0,-0.825,4542.0,3655.2
7823,XAUGBPm,BREAKOUT,SELL,2022.07.26 00:01:00,2022.07.26 00:19:40,18,1423.682,1428.586,-4904.0,-591.52,0.0,0.0,SL_HIT,0.0,0.0,0.0,0,0.0,0.0,0.0,0.0,0,0.0,0.0,0,0,0,0,0.0,0,0.0,0.0,0,0.0,0.0,0.0,0.0,0.0,0.0,0.0,0.0,0.0,0,0,0.0,0,0,0.0,0.0,0,0.15,0.259,0.053,0.066,0.64,0.664,1,-0.8641,4542.0,3269.6
7825,XAUGBPm,PULLBACK,BUY,2022.07.26 01:00:00,2022.07.26 01:18:40,18,1429.632,1425.834,-3798.0,-458.51,0.0,0.0,SL_HIT,0.0,0.0,0.0,0,0.0,0.0,0.0,0.0,0,0.0,0.0,0,0,0,0,0.0,0,0.0,0.0,0,0.0,0.0,0.0,0.0,0.0,0.0,0.0,0.0,0.0,0,0,0.0,0,0,0.0,0.0,0,0.4,0.079,0.14,0.448,0.763,0.306,0,0.2643,4542.0,3060.4
7818,XAUGBPm,BREAKOUT,SELL,2022.07.25 12:00:00,2022.07.26 06:57:40,1137,1429.202,1434.765,-5563.0,-669.94,0.0,0.0,SL_HIT,0.0,0.0,0.0,0,0.0,0.0,0.0,0.0,0,0.0,0.0,0,0,0,0,0.0,0,0.0,0.0,0,0.0,0.0,0.0,0.0,0.0,0.0,0.0,0.0,0.0,0,0,0.0,0,0,0.0,0.0,0,0.4,0.206,0.14,0.41,0.788,0.7,0,0.685,4542.0,2223.7
7828,XAUGBPm,ANCHORED_PULLBACK,BUY,2022.07.26 12:21:40,2022.07.26 12:22:00,0,1435.644,1431.015,-4629.0,-553.85,0.0,0.0,SL_HIT,0.0,0.0,0.0,0,0.0,0.0,0.0,0.0,0,0.0,0.0,0,0,0,0,0.0,0,0.0,0.0,0,0.0,0.0,0.0,0.0,0.0,0.0,0.0,0.0,0.0,0,0,0.0,0,0,0.0,0.0,0,0.15,0.3,0.198,0.151,0.737,1.0,1,1.0,4542.0,2424.0
7831,XAUGBPm,BREAKOUT,SELL,2022.07.26 22:17:40,2022.07.27 00:02:00,104,1425.133,1430.117,-4984.0,-600.17,0.0,0.0,SL_HIT,0.0,0.0,0.0,0,0.0,0.0,0.0,0.0,0,0.0,0.0,0,0,0,0,0.0,0,0.0,0.0,0,0.0,0.0,0.0,0.0,0.0,0.0,0.0,0.0,0.0,0,0,0.0,0,0,0.0,0.0,0,0.15,0.269,0.053,0.295,0.664,0.75,1,-0.895,4542.0,3030.6
7833,XAUGBPm,BREAKOUT,SELL,2022.07.27 00:17:40,2022.07.27 00:18:40,1,1425.001,1429.547,-4546.0,-547.82,0.0,0.0,SL_HIT,0.0,0.0,0.0,0,0.0,0.0,0.0,0.0,0,0.0,0.0,0,0,0,0,0.0,0,0.0,0.0,0,0.0,0.0,0.0,0.0,0.0,0.0,0.0,0.0,0.0,0,0,0.0,0,0,0.0,0.0,0,0.15,0.269,0.053,0.077,0.664,0.75,1,-0.895,4542.0,3030.6
7830,XAUGBPm,BREAKOUT,SELL,2022.07.26 20:17:40,2022.07.27 07:08:40,651,1425.769,1431.056,-5287.0,-636.88,0.0,0.0,SL_HIT,0.0,0.0,0.0,0,0.0,0.0,0.0,0.0,0,0.0,0.0,0,0,0,0,0.0,0,0.0,0.0,0,0.0,0.0,0.0,0.0,0.0,0.0,0.0,0.0,0.0,0,0,0.0,0,0,0.0,0.0,0,0.25,0.247,0.245,0.327,0.604,1.0,0,-0.825,4542.0,2380.9
7836,XAUGBPm,PULLBACK,BUY,2022.07.27 14:54:00,2022.07.27 14:54:40,0,1428.915,1424.2,-4715.0,-567.29,0.0,0.0,SL_HIT,0.0,0.0,0.0,0,0.0,0.0,0.0,0.0,0,0.0,0.0,0,0,0,0,0.0,0,0.0,0.0,0,0.0,0.0,0.0,0.0,0.0,0.0,0.0,0.0,0.0,0,0,0.0,0,0,0.0,0.0,0,0.25,0.195,0.088,0.1,0.656,0.975,1,0.65,4542.0,3143.2
7838,XAUGBPm,BREAKOUT,SELL,2022.07.27 15:11:40,2022.07.27 15:18:40,7,1423.669,1428.785,-5116.0,-616.39,0.0,0.0,SL_HIT,0.0,0.0,0.0,0,0.0,0.0,0.0,0.0,0,0.0,0.0,0,0,0,0,0.0,0,0.0,0.0,0,0.0,0.0,0.0,0.0,0.0,0.0,0.0,0.0,0.0,0,0,0.0,0,0,0.0,0.0,0,0.0,0.0,0.0,0.0,0.868,0.117,1,0.0,4542.0,3410.6
7840,XAUGBPm,BREAKOUT,SELL,2022.07.27 17:25:40,2022.07.27 17:32:40,7,1426.172,1431.54,-5368.0,-646.41,0.0,0.0,SL_HIT,0.0,0.0,0.0,0,0.0,0.0,0.0,0.0,0,0.0,0.0,0,0,0,0,0.0,0,0.0,0.0,0,0.0,0.0,0.0,0.0,0.0,0.0,0.0,0.0,0.0,0,0,0.0,0,0,0.0,0.0,0,0.4,0.0,0.14,0.236,0.691,0.135,1,0.0,4542.0,3578.4
7841,XAUGBPm,PULLBACK,SELL,2022.07.27 17:25:59,2022.07.27 17:32:40,6,1426.172,1431.54,-5368.0,-646.41,0.0,0.0,SL_HIT,0.0,0.0,0.0,0,0.0,0.0,0.0,0.0,0,0.0,0.0,0,0,0,0,0.0,0,0.0,0.0,0,0.0,0.0,0.0,0.0,0.0,0.0,0.0,0.0,0.0,0,0,0.0,0,0,0.0,0.0,0,0.4,0.0,0.14,0.236,0.691,0.135,1,0.0,4542.0,3578.4
7844,XAUGBPm,BREAKOUT,BUY,2022.07.27 19:27:40,2022.07.27 19:28:40,1,1431.219,1426.224,-4995.0,-607.84,0.0,0.0,SL_HIT,0.0,0.0,0.0,0,0.0,0.0,0.0,0.0,0,0.0,0.0,0,0,0,0,0.0,0,0.0,0.0,0,0.0,0.0,0.0,0.0,0.0,0.0,0.0,0.0,0.0,0,0,0.0,0,0,0.0,0.0,0,0.25,0.145,0.238,0.239,0.759,0.659,1,0.4846,4542.0,4037.5
7846,XAUGBPm,TREND_CONTINUATION,BUY,2022.07.27 23:42:00,2022.07.27 23:42:59,0,1431.778,1427.611,-4167.0,-506.99,0.0,0.0,SL_HIT,0.0,0.0,0.0,0,0.0,0.0,0.0,0.0,0,0.0,0.0,0,0,0,0,0.0,0,0.0,0.0,0,0.0,0.0,0.0,0.0,0.0,0.0,0.0,0.0,0.0,0,0,0.0,0,0,0.0,0.0,0,0.0,0.247,0.14,0.184,0.629,0.65,0,0.825,4542.0,3936.1
7849,XAUGBPm,TREND_CONTINUATION,SELL,2022.07.28 03:42:00,2022.07.28 03:43:20,1,1425.506,1430.113,-4607.0,-560.55,0.0,0.0,SL_HIT,0.0,0.0,0.0,0,0.0,0.0,0.0,0.0,0,0.0,0.0,0,0,0,0,0.0,0,0.0,0.0,0,0.0,0.0,0.0,0.0,0.0,0.0,0.0,0.0,0.0,0,0,0.0,0,0,0.0,0.0,0,0.15,0.0,0.053,0.228,0.783,0.081,0,0.0,4542.0,3839.1
7851,XAUGBPm,BREAKOUT,SELL,2022.07.28 05:31:40,2022.07.28 05:43:40,12,1425.463,1430.628,-5165.0,-628.35,0.0,0.0,SL_HIT,0.0,0.0,0.0,0,0.0,0.0,0.0,0.0,0,0.0,0.0,0,0,0,0,0.0,0,0.0,0.0,0,0.0,0.0,0.0,0.0,0.0,0.0,0.0,0.0,0.0,0,0,0.0,0,0,0.0,0.0,0,0.0,0.0,0.0,0.141,0.957,0.122,1,0.0,4542.0,3443.2
7853,XAUGBPm,PULLBACK,SELL,2022.07.28 06:03:00,2022.07.28 06:03:40,0,1426.043,1430.725,-4682.0,-570.09,0.0,0.0,SL_HIT,0.0,0.0,0.0,0,0.0,0.0,0.0,0.0,0,0.0,0.0,0,0,0,0,0.0,0,0.0,0.0,0,0.0,0.0,0.0,0.0,0.0,0.0,0.0,0.0,0.0,0,0,0.0,0,0,0.0,0.0,0,0.15,0.0,0.202,0.334,0.933,0.108,0,0.0,4542.0,3121.3
7848,XAUGBPm,BREAKOUT,SELL,2022.07.28 03:28:00,2022.07.28 06:15:40,167,1425.335,1431.094,-5759.0,-700.95,0.0,0.0,SL_HIT,0.0,0.0,0.0,0,0.0,0.0,0.0,0.0,0,0.0,0.0,0,0,0,0,0.0,0,0.0,0.0,0,0.0,0.0,0.0,0.0,0.0,0.0,0.0,0.0,0.0,0,0,0.0,0,0,0.0,0.0,0,0.15,0.0,0.202,0.35,0.933,0.108,0,0.0,4542.0,3121.3
7856,XAUGBPm,BREAKOUT,BUY,2022.07.28 09:31:40,2022.07.28 09:32:20,0,1438.257,1433.72,-4537.0,-551.83,0.0,0.0,SL_HIT,0.0,0.0,0.0,0,0.0,0.0,0.0,0.0,0,0.0,0.0,0,0,0,0,0.0,0,0.0,0.0,0,0.0,0.0,0.0,0.0,0.0,0.0,0.0,0.0,0.0,0,0,0.0,0,0,0.0,0.0,0,0.0,0.221,0.114,0.289,0.592,0.795,0,0.735,4542.0,3400.3
7858,XAUGBPm,BREAKOUT,BUY,2022.07.28 13:31:40,2022.07.28 13:55:20,23,1444.006,1440.024,-3982.0,-482.38,0.0,0.0,SL_HIT,0.0,0.0,0.0,0,0.0,0.0,0.0,0.0,0,0.0,0.0,0,0,0,0,0.0,0,0.0,0.0,0,0.0,0.0,0.0,0.0,0.0,0.0,0.0,0.0,0.0,0,0,0.0,0,0,0.0,0.0,0,0.0,0.269,0.15,0.293,0.714,1.0,0,0.895,4542.0,3188.1
7860,XAUGBPm,PULLBACK,BUY,2022.07.28 16:50:40,2022.07.28 16:51:40,1,1449.87,1445.187,-4683.0,-567.72,0.0,0.0,SL_HIT,0.0,0.0,0.0,0,0.0,0.0,0.0,0.0,0,0.0,0.0,0,0,0,0,0.0,0,0.0,0.0,0,0.0,0.0,0.0,0.0,0.0,0.0,0.0,0.0,0.0,0,0,0.0,0,0,0.0,0.0,0,0.0,0.3,0.0,0.048,0.444,1.0,1,1.0,4542.0,3925.4
7861,XAUGBPm,TREND_CONTINUATION,BUY,2022.07.28 16:50:59,2022.07.28 16:51:40,0,1449.87,1445.16,-4710.0,-570.99,0.0,0.0,SL_HIT,0.0,0.0,0.0,0,0.0,0.0,0.0,0.0,0,0.0,0.0,0,0,0,0,0.0,0,0.0,0.0,0,0.0,0.0,0.0,0.0,0.0,0.0,0.0,0.0,0.0,0,0,0.0,0,0,0.0,0.0,0,0.0,0.3,0.0,0.048,0.444,1.0,1,1.0,4542.0,3925.4
7864,XAUGBPm,PULLBACK,BUY,2022.07.28 19:15:00,2022.07.28 19:15:40,0,1445.601,1441.054,-4547.0,-552.92,0.0,0.0,SL_HIT,0.0,0.0,0.0,0,0.0,0.0,0.0,0.0,0,0.0,0.0,0,0,0,0,0.0,0,0.0,0.0,0,0.0,0.0,0.0,0.0,0.0,0.0,0.0,0.0,0.0,0,0,0.0,0,0,0.0,0.0,0,0.4,0.247,0.14,0.205,0.569,1.0,1,0.825,4542.0,4086.6
7865,XAUGBPm,TREND_CONTINUATION,BUY,2022.07.28 19:15:20,2022.07.28 19:15:40,0,1445.743,1441.054,-4689.0,-570.19,0.0,0.0,SL_HIT,0.0,0.0,0.0,0,0.0,0.0,0.0,0.0,0,0.0,0.0,0,0,0,0,0.0,0,0.0,0.0,0,0.0,0.0,0.0,0.0,0.0,0.0,0.0,0.0,0.0,0,0,0.0,0,0,0.0,0.0,0,0.4,0.247,0.14,0.205,0.569,1.0,1,0.825,4542.0,4086.6
7868,XAUGBPm,BREAKOUT,BUY,2022.07.28 20:00:00,2022.07.28 20:07:40,7,1445.007,1440.441,-4566.0,-555.65,0.0,0.0,SL_HIT,0.0,0.0,0.0,0,0.0,0.0,0.0,0.0,0,0.0,0.0,0,0,0,0,0.0,0,0.0,0.0,0,0.0,0.0,0.0,0.0,0.0,0.0,0.0,0.0,0.0,0,0,0.0,0,0,0.0,0.0,0,0.4,0.247,0.14,0.24,0.694,0.8,1,0.825,4542.0,4149.4
7871,XAUGBPm,PULLBACK,BUY,2022.07.28 22:09:00,2022.07.28 22:10:40,1,1444.792,1440.185,-4607.0,-560.5,0.0,0.0,SL_HIT,0.0,0.0,0.0,0,0.0,0.0,0.0,0.0,0,0.0,0.0,0,0,0,0,0.0,0,0.0,0.0,0,0.0,0.0,0.0,0.0,0.0,0.0,0.0,0.0,0.0,0,0,0.0,0,0,0.0,0.0,0,0.25,0.247,0.088,0.237,0.762,0.8,1,0.825,4542.0,3957.4
7872,XAUGBPm,TREND_CONTINUATION,BUY,2022.07.28 22:09:40,2022.07.28 22:10:40,1,1444.862,1440.185,-4677.0,-569.01,0.0,0.0,SL_HIT,0.0,0.0,0.0,0,0.0,0.0,0.0,0.0,0,0.0,0.0,0,0,0,0,0.0,0,0.0,0.0,0,0.0,0.0,0.0,0.0,0.0,0.0,0.0,0.0,0.0,0,0,0.0,0,0,0.0,0.0,0,0.25,0.247,0.088,0.237,0.762,0.8,1,0.825,4542.0,3957.4
7875,XAUGBPm,BREAKOUT,SELL,2022.07.29 00:01:00,2022.07.29 00:56:40,55,1439.602,1444.815,-5213.0,-634.58,0.0,0.0,SL_HIT,0.0,0.0,0.0,0,0.0,0.0,0.0,0.0,0,0.0,0.0,0,0,0,0,0.0,0,0.0,0.0,0,0.0,0.0,0.0,0.0,0.0,0.0,0.0,0.0,0.0,0,0,0.0,0,0,0.0,0.0,0,0.4,0.069,0.234,0.221,0.9,0.256,1,-0.2309,4542.0,3475.2
7876,XAUGBPm,PULLBACK,SELL,2022.07.29 00:09:00,2022.07.29 00:57:40,48,1439.819,1445.032,-5213.0,-634.6,0.0,0.0,SL_HIT,0.0,0.0,0.0,0,0.0,0.0,0.0,0.0,0,0.0,0.0,0,0,0,0,0.0,0,0.0,0.0,0,0.0,0.0,0.0,0.0,0.0,0.0,0.0,0.0,0.0,0,0,0.0,0,0,0.0,0.0,0,0.4,0.069,0.234,0.245,0.9,0.256,0,-0.2309,4542.0,3475.2
7880,XAUGBPm,BREAKOUT,SELL,2022.07.29 02:01:00,2022.07.29 02:01:40,0,1438.806,1443.67,-4864.0,-591.92,0.0,0.0,SL_HIT,0.0,0.0,0.0,0,0.0,0.0,0.0,0.0,0,0.0,0.0,0,0,0,0,0.0,0,0.0,0.0,0,0.0,0.0,0.0,0.0,0.0,0.0,0.0,0.0,0.0,0,0,0.0,0,0,0.0,0.0,0,0.15,0.226,0.152,0.208,0.764,0.825,1,-0.755,4542.0,3242.6
7882,XAUGBPm,PULLBACK,SELL,2022.07.29 02:09:00,2022.07.29 02:10:00,1,1439.308,1444.172,-4864.0,-591.89,0.0,0.0,SL_HIT,0.0,0.0,0.0,0,0.0,0.0,0.0,0.0,0,0.0,0.0,0,0,0,0,0.0,0,0.0,0.0,0,0.0,0.0,0.0,0.0,0.0,0.0,0.0,0.0,0.0,0,0,0.0,0,0,0.0,0.0,0,0.15,0.226,0.152,0.064,0.764,0.825,1,-0.755,4542.0,3242.6
7884,XAUGBPm,BREAKOUT,BUY,2022.07.29 13:28:40,2022.07.29 13:29:40,1,1458.395,1453.433,-4962.0,-599.67,0.0,0.0,SL_HIT,0.0,0.0,0.0,0,0.0,0.0,0.0,0.0,0,0.0,0.0,0,0,0,0,0.0,0,0.0,0.0,0,0.0,0.0,0.0,0.0,0.0,0.0,0.0,0.0,0.0,0,0,0.0,0,0,0.0,0.0,0,0.4,0.226,0.3,0.423,0.737,1.0,0,0.755,4542.0,3255.1
7886,XAUGBPm,TREND_CONTINUATION,BUY,2022.07.29 17:27:40,2022.07.29 17:29:59,2,1452.524,1449.261,-3263.0,-396.72,0.0,0.0,SL_HIT,0.0,0.0,0.0,0,0.0,0.0,0.0,0.0,0,0.0,0.0,0,0,0,0,0.0,0,0.0,0.0,0,0.0,0.0,0.0,0.0,0.0,0.0,0.0,0.0,0.0,0,0,0.0,0,0,0.0,0.0,0,0.4,0.247,0.14,0.392,0.62,1.0,1,0.825,4542.0,4006.4
7888,XAUGBPm,TREND_CONTINUATION,BUY,2022.07.29 20:26:40,2022.07.29 20:29:20,2,1450.73,1446.558,-4172.0,-508.21,0.0,0.0,SL_HIT,0.0,0.0,0.0,0,0.0,0.0,0.0,0.0,0,0.0,0.0,0,0,0,0,0.0,0,0.0,0.0,0,0.0,0.0,0.0,0.0,0.0,0.0,0.0,0.0,0.0,0,0,0.0,0,0,0.0,0.0,0,0.4,0.247,0.276,0.395,0.704,1.0,1,0.825,4542.0,4180.9
7890,XAUGBPm,NAKED_POC,BUY,2022.07.31 22:16:00,2022.07.31 22:16:40,0,1452.992,1448.343,-4649.0,-565.45,0.0,0.0,SL_HIT,0.0,0.0,0.0,0,0.0,0.0,0.0,0.0,0,0.0,0.0,0,0,0,0,0.0,0,0.0,0.0,0,0.0,0.0,0.0,0.0,0.0,0.0,0.0,0.0,0.0,0,0,0.0,0,0,0.0,0.0,0,0.4,0.247,0.14,0.445,0.58,0.8,1,0.825,4542.0,4044.9
