,0
RR,0.9918598105983286
SL,0.9918598105983286
TP,0.9918598105983286
atrProxy,0.9918598105983286
auctAcceptance,0.9918598105983286
auctBalance,0.9918598105983286
auctContinuation,0.9918598105983286
auctDistHVN,0.9918598105983286
auctDistLVN,0.9918598105983286
auctExhaustion,0.9918598105983286
auctExpMoveATR,0.9918598105983286
auctExpReward,0.9918598105983286
auctFailure,0.9918598105983286
auctHVNStrength,0.9918598105983286
auctLVNStrength,0.9918598105983286
auctMajorHVN,0.9918598105983286
auctMajorLVN,0.9918598105983286
auctProfileShape,0.9918598105983286
auctRegime,0.9918598105983286
auctRegimeConf,0.9918598105983286
auctReversalRisk,0.9918598105983286
auctShapeConf,0.9918598105983286
auctState,0.9918598105983286
auctTargetConf,0.9918598105983286
auctTargetPrice,0.9918598105983286
auctTargetProb,0.9918598105983286
auctTargetType,0.9918598105983286
auctTradeGrade,0.9918598105983286
auctTradeQuality,0.9918598105983286
auctVAExpRate,0.9918598105983286
auctVAState,0.9918598105983286
avgSpread,0.9918598105983286
bosBullish,0.9918598105983286
bosConfirmed,0.9918598105983286
bosLevel,0.9918598105983286
bosQuality,0.9918598105983286
bosScore,0.9918598105983286
chochBullish,0.9918598105983286
chochConfirmed,0.9918598105983286
chochLevel,0.9918598105983286
chochQuality,0.9918598105983286
chochScore,0.9918598105983286
dataQuality,0.9918598105983286
entryArchetype,0.9918598105983286
entryAuctBalance,0.9918598105983286
entryAuctContinuation,0.9918598105983286
entryAuctExhaustion,0.9918598105983286
entryAuctExpReward,0.9918598105983286
entryAuctFailure,0.9918598105983286
entryAuctRegime,0.9918598105983286
entryAuctRegimeConf,0.9918598105983286
entryAuctReversalRisk,0.9918598105983286
entryAuctTargetConf,0.9918598105983286
entryAuctTargetPrice,0.9918598105983286
entryAuctTradeGrade,0.9918598105983286
entryAuctTradeQuality,0.9918598105983286
entryAuctVAExpRate,0.9918598105983286
entryLTNearestZoneStrength,0.9918598105983286
entryLTPOCMigration,0.9918598105983286
entryLTValid,0.9918598105983286
entryPrice,0.9918598105983286
entryProfilerSamples,0.9918598105983286
entryVpBestHVN,0.9918598105983286
entryVpBreakoutPOC,0.9918598105983286
entryVpCompPosition,0.9918598105983286
entryVpDevPOCDir,0.9918598105983286
entryVpDistHVN,0.9918598105983286
entryVpDistLVN,0.9918598105983286
entryVpInsideVA,0.9918598105983286
entryVpMigrationConf,0.9918598105983286
entryVpOverlapBias,0.9918598105983286
entryVpPOC,0.9918598105983286
entryVpProfileShape,0.9918598105983286
entryVpSpring,0.9918598105983286
entryVpThinnessRatio,0.9918598105983286
entryVpUpthrust,0.9918598105983286
entryVpVAH,0.9918598105983286
entryVpVAL,0.9918598105983286
liqContext,0.9918598105983286
liqDensity,0.9918598105983286
liqEqualHL,0.9918598105983286
liqPremDisc,0.9918598105983286
liqSessionLiq,0.9918598105983286
liqStopCluster,0.9918598105983286
liqSweep,0.9918598105983286
msCompression,0.9918598105983286
msContext,0.9918598105983286
msLiqVacuum,0.9918598105983286
msSpreadScore,0.9918598105983286
msTickImbalance,0.9918598105983286
msTickVelocity,0.9918598105983286
ofAbsorption,0.9918598105983286
ofBearDiv,0.9918598105983286
ofBullDiv,0.9918598105983286
ofContext,0.9918598105983286
ofCvdProxy,0.9918598105983286
ofDeltaProxy,0.9918598105983286
ofDivergence,0.9918598105983286
ofExhaustion,0.9918598105983286
ofFlowIntensity,0.9918598105983286
ofParticipation,0.9918598105983286
profilerArchetype,0.9918598105983286
profilerBalMean,0.9918598105983286
profilerMigMean,0.9918598105983286
profilerSamples,0.9918598105983286
profilerTQMean,0.9918598105983286
riskReward,0.9918598105983286
session,0.9918598105983286
smBreakerBlock,0.9918598105983286
smContext,0.9918598105983286
smFVG,0.9918598105983286
smMitigation,0.9918598105983286
smOrderBlock,0.9918598105983286
smRejectionBlock,0.9918598105983286
smZoneQuality,0.9918598105983286
spreadPoints,0.9918598105983286
spreadToATR,0.9918598105983286
structAlign,0.9918598105983286
structDistATR,0.9918598105983286
structureBias,0.9918598105983286
thesis,0.9918598105983286
trendDirection,0.9918598105983286
vpBestHVN,0.9918598105983286
vpBestHVNScore,0.9918598105983286
vpBreakoutPOC,0.9918598105983286
vpCompInsideVA,0.9918598105983286
vpCompPOC,0.9918598105983286
vpCompPosition,0.9918598105983286
vpCompVAH,0.9918598105983286
vpCompVAL,0.9918598105983286
vpDailyPOC,0.9918598105983286
vpDevPOCDir,0.9918598105983286
vpDevPOCSlope,0.9918598105983286
vpDistCompPOC,0.9918598105983286
vpDistNakedPOC_ATR,0.9918598105983286
vpDistToHVN,0.9918598105983286
vpDistToLVN,0.9918598105983286
vpInsideVA,0.9918598105983286
vpLTAcceptanceAtPrice,0.9918598105983286
vpLTBalanceStability,0.9918598105983286
vpLTMajorHVNPrice,0.9918598105983286
vpLTMajorHVNStrength,0.9918598105983286
vpLTMajorLVNPrice,0.9918598105983286
vpLTMajorLVNStrength,0.9918598105983286
vpLTNearestZoneDir,0.9918598105983286
vpLTNearestZonePrice,0.9918598105983286
vpLTNearestZoneStrength,0.9918598105983286
vpLTPOC10d,0.9918598105983286
vpLTPOC30d,0.9918598105983286
vpLTPOC60d,0.9918598105983286
vpLTPOCAcceleration,0.9918598105983286
vpLTPOCMigration,0.9918598105983286
vpLTPOCVelocity,0.9918598105983286
vpLTTransitionScore,0.9918598105983286
vpLTTrendDuration,0.9918598105983286
vpLTTrendExhaustion,0.9918598105983286
vpLTValid,0.9918598105983286
vpMigrationConf,0.9918598105983286
vpMigrationScore,0.9918598105983286
vpNearestNakedPOC,0.9918598105983286
vpPOC,0.9918598105983286
vpPriceVsPOC,0.9918598105983286
vpProfileShape,0.9918598105983286
vpPullbackPOC,0.9918598105983286
vpRangePOC,0.9918598105983286
vpSpring,0.9918598105983286
vpThinnessRatio,0.9918598105983286
vpUpthrust,0.9918598105983286
vpVAH,0.9918598105983286
vpVAL,0.9918598105983286
vpVAOverlapBias,0.9918598105983286
vpVAOverlapRatio,0.9918598105983286
