feature_value,shap_value
0.00586016895249486,-14.13872241973877
0.005109990946948528,8.383684158325195
0.011639579199254513,-15.538509368896484
0.009199912659823895,-19.392587661743164
0.015663251280784607,-17.992801666259766
0.015708595514297485,-17.992801666259766
0.03255898877978325,-19.392587661743164
0.0262241642922163,-19.392587661743164
0.02094859816133976,-19.392587661743164
-0.012197843752801418,9.974794387817383
0.007055921014398336,-13.069860458374023
0.0026393199805170298,4.01799201965332
0.0051926723681390285,-19.392587661743164
0.007590591441839933,-11.670073509216309
-0.012922694906592369,8.466880798339844
0.013422471471130848,-17.992801666259766
0.025298601016402245,-18.62748146057129
-0.026423893868923187,14.626326560974121
-0.010572987608611584,8.466880798339844
-0.006307974923402071,11.128030776977539
0.009813799522817135,-9.215781211853027
-0.0007037220639176667,15.493722915649414
0.0005943227442912757,10.279727935791016
0.0017499409150332212,7.6185784339904785
0.0013788883807137609,8.383684158325195
0.006203273311257362,-11.670073509216309
0.005447755567729473,-7.815994739532471
0.0038469971623271704,2.6182053089141846
0.004869177471846342,6.983898162841797
-0.022259963676333427,15.493722915649414
-0.022204279899597168,12.635944366455078
-0.01788550801575184,13.580681800842285
-0.015455345623195171,9.214988708496094
-0.015255989506840706,11.128030776977539
-0.00021786555589642376,15.493722915649414
-0.0008346083341166377,11.128030776977539
-1.9319071725476533e-05,15.493722915649414
0.00982672069221735,-19.392587661743164
0.014213020913302898,-11.670073509216309
0.004194558132439852,11.04483413696289
0.005039883311837912,11.04483413696289
0.003363208379596472,10.410154342651367
-0.04217405989766121,10.91953182220459
-0.0336531363427639,9.214988708496094
-0.01965709589421749,11.128030776977539
-0.03137437254190445,15.493722915649414
-0.036098357290029526,15.493722915649414
-0.002971468260511756,10.91953182220459
-3.0498636988340877e-05,10.91953182220459
0.00032154779182747006,6.983898162841797
0.0012461517471820116,8.383684158325195
0.014367003925144672,-18.75790786743164
0.017439277842640877,-13.069860458374023
-0.0007705040043219924,15.493722915649414
0.005832687020301819,-14.13872241973877
0.007772880606353283,-15.538509368896484
0.045835234224796295,-17.992801666259766
0.015698395669460297,-19.392587661743164
0.02350381202995777,-19.392587661743164
0.028093427419662476,-11.670073509216309
0.02299937978386879,-18.62748146057129
0.015148232690989971,-19.392587661743164
-0.005648205056786537,10.91953182220459
-0.008211450651288033,11.887836456298828
0.01147889532148838,-14.13872241973877
-0.005633006803691387,15.493722915649414
-0.007407133001834154,11.128030776977539
-0.008213273249566555,10.082386016845703
-0.0077591752633452415,13.580681800842285
-0.0030487754847854376,15.493722915649414
-0.004296739120036364,9.214988708496094
