feature,category,mean_abs_shap,mean_shap,std_shap,rank
spreadPoints,unknown,584.2932739257812,2.7126736313221045e-05,356.83587646484375,1
TP,unknown,310.25885009765625,-6.627554739679908e-06,143.93545532226562,2
entryVpDistLVN,unknown,275.3055419921875,4.623875611287076e-06,120.47447204589844,3
vpVAOverlapRatio,unknown,196.4403839111328,-3.699100489029661e-06,114.34208679199219,4
smZoneQuality,unknown,193.4443817138672,2.4660669168952154e-06,131.84793090820312,5
ofFlowIntensity,unknown,135.18048095703125,1.5412918230595096e-07,86.4214859008789,6
auctTargetPrice,unknown,126.81107330322266,6.165167292238038e-07,106.67769622802734,7
entryVpBestHVN,unknown,101.30990600585938,-7.62939453125e-06,72.6539077758789,8
vpLTPOC10d,unknown,97.12761688232422,-3.082583646119019e-07,70.29745483398438,9
vpLTAcceptanceAtPrice,unknown,95.1495590209961,1.888082465484331e-06,56.93046569824219,10
entryVpVAL,unknown,95.1397705078125,1.5027595736682997e-06,68.10029602050781,11
vpLTPOCVelocity,unknown,83.13406372070312,-1.8495502445148304e-06,48.49087905883789,12
vpDistToLVN,unknown,78.0283203125,1.3100980140734464e-06,34.359798431396484,13
spreadToATR,unknown,77.96539306640625,-2.311937805643538e-07,48.92443084716797,14
auctRegimeConf,unknown,68.9657974243164,-3.8532294865945005e-07,44.637699127197266,15
smContext,engine_composite,65.54706573486328,-2.311937805643538e-07,52.96198272705078,16
SL,unknown,62.53522491455078,5.124795279698446e-06,27.3756046295166,17
vpCompVAH,unknown,54.95233917236328,0.0,20.24233055114746,18
vpLTMajorHVNStrength,unknown,53.74796676635742,-4.623875611287076e-07,30.2092227935791,19
ofContext,engine_composite,53.036067962646484,3.082583646119019e-07,19.9125919342041,20
vpDevPOCSlope,unknown,50.5825309753418,2.9862528094781737e-07,42.135986328125,21
vpLTPOCAcceleration,unknown,47.36853790283203,6.165167292238038e-07,34.87239074707031,22
structDistATR,unknown,45.24589538574219,-8.86242787601077e-07,18.75221824645996,23
vpLTMajorHVNPrice,unknown,45.22695541381836,-3.776164930968662e-06,28.949737548828125,24
smFVG,unknown,38.94828414916992,3.063317535634269e-06,25.668058395385742,25
auctContinuation,unknown,38.33436584472656,-1.5412918230595096e-07,21.704437255859375,26
entryLTNearestZoneStrength,unknown,38.0784797668457,-6.550490070367232e-07,33.32243728637695,27
auctMajorLVN,unknown,38.075462341308594,2.6972605837727315e-07,22.161930084228516,28
auctProfileShape,unknown,32.2490348815918,-7.706459115297548e-08,13.014717102050781,29
auctHVNStrength,unknown,32.08650588989258,2.311937805643538e-07,20.842287063598633,30
vpVAL,unknown,30.37834930419922,-3.275245035183616e-07,21.732093811035156,31
vpLTNearestZonePrice,unknown,30.37747573852539,-1.0789042335090926e-06,10.173367500305176,32
entryAuctTargetPrice,unknown,29.746692657470703,1.155968902821769e-07,25.6954402923584,33
vpBestHVNScore,unknown,28.6602725982666,-2.2878550964833266e-07,18.85740089416504,34
avgSpread,unknown,28.58049964904785,3.275245035183616e-06,10.327896118164062,35
vpPullbackPOC,unknown,28.072399139404297,-1.3486302918863657e-07,12.522154808044434,36
vpLTTrendExhaustion,unknown,24.22831153869629,-9.633073716486251e-08,6.79895544052124,37
auctReversalRisk,unknown,23.31437873840332,1.9266147432972502e-07,17.15691375732422,38
auctMajorHVN,unknown,22.160173416137695,1.7869351722765714e-06,14.338200569152832,39
auctAcceptance,unknown,22.060380935668945,6.165167292238038e-07,16.27020263671875,40
liqStopCluster,unknown,21.982027053833008,-3.853229557648774e-08,14.4520902633667,41
vpLTNearestZoneStrength,unknown,21.941179275512695,9.247751222574152e-07,8.29527473449707,42
liqSessionLiq,unknown,21.620641708374023,-3.564237260889058e-07,16.554807662963867,43
vpLTMajorLVNPrice,unknown,19.523298263549805,-2.504599194708135e-07,8.120100975036621,44
msContext,engine_composite,19.43437385559082,5.972505618956347e-07,4.278520584106445,45
vpLTPOC30d,unknown,18.376882553100586,2.8899222570544225e-07,13.302468299865723,46
entryAuctRegimeConf,unknown,17.22193145751953,4.238552548940788e-07,8.93880558013916,47
auctTargetConf,unknown,16.970592498779297,-9.633073716486251e-08,6.651710510253906,48
vpDistCompPOC,unknown,16.667726516723633,-1.155968902821769e-07,8.349116325378418,49
entryAuctReversalRisk,unknown,14.715766906738281,0.0,10.458589553833008,50
vpMigrationScore,unknown,13.081451416015625,-7.706459115297548e-08,7.5066328048706055,51
vpBestHVN,unknown,12.957170486450195,7.706459115297548e-08,9.399107933044434,52
vpLTMajorLVNStrength,unknown,12.7316255569458,1.2137672911194386e-06,6.230105876922607,53
entryVpThinnessRatio,unknown,12.464144706726074,-9.633073716486251e-08,6.418703556060791,54
auctLVNStrength,unknown,11.924333572387695,-1.9266147432972502e-07,5.920387268066406,55
entryLTPOCMigration,unknown,11.572718620300293,-5.683513677468e-07,5.820817947387695,56
auctExhaustion,unknown,11.147687911987305,-9.633073716486251e-08,4.490574359893799,57
auctShapeConf,unknown,10.877058982849121,3.355019089212874e-07,7.65712833404541,58
atrProxy,unknown,9.990423202514648,1.0403720125395921e-06,8.235430717468262,59
ofParticipation,unknown,9.870331764221191,-1.7339533542326535e-07,5.227307319641113,60
entryAuctTargetConf,unknown,9.438279151916504,-7.706459115297548e-08,3.872366428375244,61
entryVpDistHVN,unknown,8.122241973876953,4.8165368582431256e-08,3.048060655593872,62
auctBalance,unknown,7.504432201385498,9.633073894121935e-09,4.679087162017822,63
auctFailure,unknown,6.8182692527771,2.119276274470394e-07,3.4884650707244873,64
smMitigation,unknown,6.640069961547852,-1.6857879359122308e-07,3.5377867221832275,65
entryVpPOC,unknown,6.149875164031982,1.926614778824387e-08,4.554936408996582,66
auctExpReward,unknown,6.026989936828613,-6.983978551033942e-08,3.2353456020355225,67
trendDirection,unknown,5.823101043701172,-1.5412918230595096e-07,3.378871440887451,68
liqEqualHL,unknown,5.609027862548828,3.4438238571965485e-07,2.501333713531494,69
liqPremDisc,unknown,5.146139621734619,9.633073716486251e-08,2.5411899089813232,70
msCompression,unknown,4.427915096282959,-5.539017422506731e-08,2.2285513877868652,71
entryAuctTradeQuality,unknown,4.398852825164795,-1.9266147432972502e-07,3.092071294784546,72
vpCompVAL,unknown,4.321650981903076,-9.633073894121935e-09,3.2282779216766357,73
msSpreadScore,unknown,4.081424236297607,3.853229557648774e-08,2.3415281772613525,74
entryPrice,unknown,4.035457611083984,-2.408268358067289e-07,1.3484811782836914,75
auctTradeQuality,unknown,3.8535473346710205,-5.298190686175985e-08,2.7714169025421143,76
vpLTBalanceStability,unknown,3.818289041519165,3.2993278864523745e-07,2.553680896759033,77
profilerMigMean,unknown,3.7964138984680176,2.0229455799380958e-07,1.9520559310913086,78
auctTargetProb,unknown,3.749537944793701,2.239689678162904e-07,2.602280378341675,79
liqContext,engine_composite,3.7010931968688965,4.334883385581634e-08,1.830166220664978,80
structureBias,unknown,3.2156639099121094,6.622738624173508e-08,2.3065025806427,81
thesis,unknown,3.0646607875823975,-9.633073716486251e-08,2.2614924907684326,82
vpVAH,unknown,2.6969668865203857,4.9369504040441825e-08,1.1403298377990723,83
entryVpBreakoutPOC,unknown,0.0,0.0,0.0,128
entryAuctFailure,unknown,0.0,0.0,0.0,128
entryAuctRegime,unknown,0.0,0.0,0.0,128
entryAuctTradeGrade,unknown,0.0,0.0,0.0,128
chochLevel,unknown,0.0,0.0,0.0,128
chochQuality,structure_composite,0.0,0.0,0.0,128
entryProfilerSamples,unknown,0.0,0.0,0.0,128
entryAuctVAExpRate,unknown,0.0,0.0,0.0,128
entryLTValid,unknown,0.0,0.0,0.0,128
auctTradeGrade,unknown,0.0,0.0,0.0,128
liqDensity,unknown,0.0,0.0,0.0,128
entryVpCompPosition,unknown,0.0,0.0,0.0,128
entryVpDevPOCDir,unknown,0.0,0.0,0.0,128
ofCvdProxy,unknown,0.0,0.0,0.0,128
ofBullDiv,unknown,0.0,0.0,0.0,128
ofBearDiv,unknown,0.0,0.0,0.0,128
ofAbsorption,unknown,0.0,0.0,0.0,128
msTickImbalance,unknown,0.0,0.0,0.0,128
msTickVelocity,unknown,0.0,0.0,0.0,128
liqSweep,unknown,0.0,0.0,0.0,128
msLiqVacuum,unknown,0.0,0.0,0.0,128
entryVpOverlapBias,unknown,0.0,0.0,0.0,128
chochScore,unknown,0.0,0.0,0.0,128
dataQuality,unknown,0.0,0.0,0.0,128
entryArchetype,unknown,0.0,0.0,0.0,128
entryAuctBalance,unknown,0.0,0.0,0.0,128
entryAuctContinuation,unknown,0.0,0.0,0.0,128
entryAuctExhaustion,unknown,0.0,0.0,0.0,128
entryAuctExpReward,unknown,0.0,0.0,0.0,128
bosQuality,structure_composite,0.0,0.0,0.0,128
chochConfirmed,unknown,0.0,0.0,0.0,128
chochBullish,unknown,0.0,0.0,0.0,128
bosScore,unknown,0.0,0.0,0.0,128
bosConfirmed,unknown,0.0,0.0,0.0,128
bosLevel,unknown,0.0,0.0,0.0,128
bosBullish,unknown,0.0,0.0,0.0,128
auctDistHVN,unknown,0.0,0.0,0.0,128
auctDistLVN,unknown,0.0,0.0,0.0,128
auctExpMoveATR,unknown,0.0,0.0,0.0,128
auctState,unknown,0.0,0.0,0.0,128
auctRegime,unknown,0.0,0.0,0.0,128
auctVAState,unknown,0.0,0.0,0.0,128
auctVAExpRate,unknown,0.0,0.0,0.0,128
auctTargetType,unknown,0.0,0.0,0.0,128
RR,unknown,0.0,0.0,0.0,128
vpCompPosition,unknown,0.0,0.0,0.0,128
vpCompPOC,unknown,0.0,0.0,0.0,128
vpCompInsideVA,unknown,0.0,0.0,0.0,128
vpBreakoutPOC,unknown,0.0,0.0,0.0,128
smOrderBlock,unknown,0.0,0.0,0.0,128
smRejectionBlock,unknown,0.0,0.0,0.0,128
structAlign,structure_composite,0.0,0.0,0.0,128
ofDeltaProxy,unknown,0.0,0.0,0.0,128
profilerBalMean,unknown,0.0,0.0,0.0,128
profilerArchetype,unknown,0.0,0.0,0.0,128
ofDivergence,unknown,0.0,0.0,0.0,128
profilerSamples,unknown,0.0,0.0,0.0,128
session,unknown,0.0,0.0,0.0,128
riskReward,unknown,0.0,0.0,0.0,128
profilerTQMean,unknown,0.0,0.0,0.0,128
smBreakerBlock,unknown,0.0,0.0,0.0,128
ofExhaustion,unknown,0.0,0.0,0.0,128
entryVpVAH,unknown,0.0,0.0,0.0,128
entryVpSpring,unknown,0.0,0.0,0.0,128
entryVpUpthrust,unknown,0.0,0.0,0.0,128
entryVpProfileShape,unknown,0.0,0.0,0.0,128
entryVpInsideVA,unknown,0.0,0.0,0.0,128
entryVpMigrationConf,unknown,0.0,0.0,0.0,128
vpInsideVA,unknown,0.0,0.0,0.0,128
vpLTPOCMigration,unknown,0.0,0.0,0.0,128
vpLTPOC60d,unknown,0.0,0.0,0.0,128
vpLTNearestZoneDir,unknown,0.0,0.0,0.0,128
vpLTTransitionScore,unknown,0.0,0.0,0.0,128
vpDevPOCDir,unknown,0.0,0.0,0.0,128
vpDailyPOC,unknown,0.0,0.0,0.0,128
vpDistNakedPOC_ATR,unknown,0.0,0.0,0.0,128
vpDistToHVN,unknown,0.0,0.0,0.0,128
vpNearestNakedPOC,unknown,0.0,0.0,0.0,128
vpMigrationConf,unknown,0.0,0.0,0.0,128
vpLTValid,unknown,0.0,0.0,0.0,128
vpLTTrendDuration,unknown,0.0,0.0,0.0,128
vpRangePOC,unknown,0.0,0.0,0.0,128
vpPOC,unknown,0.0,0.0,0.0,128
vpPriceVsPOC,unknown,0.0,0.0,0.0,128
vpProfileShape,unknown,0.0,0.0,0.0,128
vpUpthrust,unknown,0.0,0.0,0.0,128
vpThinnessRatio,unknown,0.0,0.0,0.0,128
vpSpring,unknown,0.0,0.0,0.0,128
vpVAOverlapBias,unknown,0.0,0.0,0.0,128
