rank,target_value,expected_value,shap_sum,label,feature_rank_1,shap_rank_1,feature_rank_2,shap_rank_2,feature_rank_3,shap_rank_3,feature_rank_4,shap_rank_4,feature_rank_5,shap_rank_5
1,-4591.5498046875,-169.50837261436055,-2218.88720703125,losing,ofFlowIntensity,-411.21967,ofDeltaProxy,-328.85449,liqContext,-232.86371,liqPremDisc,-190.11537,vpDailyPOC,-189.53769
2,-4232.14990234375,-169.50837261436055,-2293.697509765625,losing,liqContext,-323.08893,liqEqualHL,-239.37422,auctExpMoveATR,-202.92375,msTickImbalance,-201.84654,liqPremDisc,-107.01067
3,-3619.800048828125,-169.50837261436055,-1052.8125,losing,ofParticipation,-142.43407,ofFlowIntensity,-120.12236,vpBestHVNScore,-115.43828,msCompression,-99.80852,vpLTPOC30d,-89.20063
4,-3451.949951171875,-169.50837261436055,-1418.278564453125,losing,liqPremDisc,-262.32214,liqContext,-199.07019,entryVpVAL,-142.59203,msCompression,-131.46141,vpCompPOC,-114.63934
5,-3358.949951171875,-169.50837261436055,-1636.7471923828125,losing,auctAcceptance,-369.0813,msCompression,-200.04541,msContext,-140.22968,ofParticipation,-111.90025,liqPremDisc,-81.21895
6,-3079.14990234375,-169.50837261436055,-1188.0157470703125,losing,auctAcceptance,-345.17371,liqPremDisc,-145.0428,auctExhaustion,-129.50693,entryVpVAL,-101.53577,RR,-75.04295
7,-3057.0,-169.50837261436055,-1636.09716796875,losing,auctExpMoveATR,-258.65521,ofDeltaProxy,-218.40854,ofFlowIntensity,-194.41946,vpDailyPOC,-177.9366,entryVpVAL,167.47369
8,-2768.14990234375,-169.50837261436055,-355.9942626953125,losing,msCompression,152.31033,vpCompPOC,-125.12685,vpLTPOC60d,122.76302,auctHVNStrength,-122.49598,msTickImbalance,-87.57822
9,-2649.89990234375,-169.50837261436055,-969.7916259765625,losing,vpDailyPOC,-141.38568,vpLTNearestZonePrice,-100.80307,auctHVNStrength,-99.89216,liqPremDisc,-96.07099,avgSpread,-67.69548
10,-2610.199951171875,-169.50837261436055,-1535.259033203125,losing,liqContext,-293.78629,vpDailyPOC,-180.83461,liqDensity,-126.74306,vpCompPOC,-113.41295,entryVpVAL,-112.57446
11,-2583.10009765625,-169.50837261436055,-804.06787109375,losing,msCompression,-130.41133,vpLTPOC30d,-80.65809,liqContext,-52.48093,entryVpBestHVN,-51.51183,auctHVNStrength,-50.03237
12,-2521.0,-169.50837261436055,-1072.783935546875,losing,auctAcceptance,-449.51245,msTickImbalance,-240.28322,vpLTNearestZonePrice,-120.95475,liqPremDisc,86.4314,RR,-74.71844
13,-2497.0,-169.50837261436055,-1514.449462890625,losing,ofFlowIntensity,-227.13229,msTickImbalance,-226.12608,ofDeltaProxy,-199.21442,vpCompPOC,-133.31703,vpDailyPOC,-130.87859
14,-2362.85009765625,-169.50837261436055,-1293.8297119140625,losing,auctAcceptance,-515.81122,entryVpVAL,165.36038,liqContext,-155.12701,liqDensity,-142.56433,vpCompPOC,-124.73441
15,-2312.10009765625,-169.50837261436055,-1196.264404296875,losing,ofFlowIntensity,-387.01749,ofDeltaProxy,-211.35027,ofParticipation,-121.26427,vpBestHVNScore,-118.09003,avgSpread,-55.39109
16,-2290.75,-169.50837261436055,-810.5633544921875,losing,ofFlowIntensity,-351.03683,ofParticipation,146.66277,vpBestHVNScore,-120.71417,ofContext,104.53046,vpDailyPOC,-73.55716
17,-2177.949951171875,-169.50837261436055,-1432.158935546875,losing,liqContext,-298.78149,msCompression,-124.86753,vpDailyPOC,-124.77407,vpCompPOC,-119.86014,entryVpVAL,-116.91999
18,-2102.949951171875,-169.50837261436055,-524.9258422851562,losing,liqEqualHL,-203.13036,msCompression,-110.2635,spreadPoints,-58.51186,vpLTMajorHVNStrength,-57.8184,ofContext,-53.15587
19,-2100.14990234375,-169.50837261436055,-515.6445922851562,losing,msContext,-142.59593,msCompression,-115.80418,liqContext,-61.81242,auctDistHVN,25.91905,spreadToATR,-24.69999
20,-2025.4000244140625,-169.50837261436055,-914.02490234375,losing,auctExpMoveATR,-173.7321,vpDailyPOC,-162.76334,auctExpReward,-99.22498,vpLTNearestZonePrice,-89.00645,liqPremDisc,-81.8317
