feature,shape_detected,spearman_r,p_value,shap_range,mean_shap,n
spreadPoints,BAND,-0.3864,0.0,226.9429,6.7936,377
liqStopCluster,MONO_DOWN,-0.7039,0.0,90.9683,-0.9058,377
vpLTMajorLVNStrength,MONO_DOWN,-0.7021,0.0,208.3548,1.9508,377
ofParticipation,MONO_UP,0.8865,0.0,144.2057,-0.6477,377
vpLTAcceptanceAtPrice,BAND,-0.4776,0.0,93.318,3.1504,377
vpVAOverlapRatio,MONO_UP,0.8356,0.0,121.7702,-2.6872,377
msCompression,NONLINEAR,0.1409,0.00613,112.2565,0.7212,377
vpDistCompPOC,NONLINEAR,-0.273,0.0,164.75,-2.9174,377
spreadToATR,BAND,-0.3349,0.0,76.3336,0.1847,377
auctAcceptance,BAND,0.4645,0.0,97.6318,-2.5008,377
msContext,MONO_DOWN,-0.7737,0.0,107.4649,2.2906,377
smZoneQuality,MONO_DOWN,-0.8322,0.0,96.6225,-0.1218,377
auctShapeConf,NONLINEAR,-0.043,0.405422,45.8039,-1.1828,377
liqSessionLiq,NONLINEAR,0.0531,0.303735,100.9106,2.4352,377
ofFlowIntensity,NONLINEAR,-0.0839,0.103993,109.2727,5.0045,377
